{"type":"FeatureCollection","features":[{"type":"Feature","geometry":{"type":"Polygon","coordinates":[[[66.981495,24.986361,0],[66.982767,24.986515,0],[66.982148,24.988291,0],[66.98383,24.988779,0],[66.983699,24.989107,0],[66.985124,24.989492,0],[66.985123,24.989496,0],[66.984351,24.992018,0],[66.985322,24.992303,0],[66.985138,24.992967,0],[66.985897,24.993178,0],[66.987972,24.993729,0],[66.987465,24.99489,0],[66.98875,24.995151,0],[66.987874,24.996122,0],[66.98649,24.996641,0],[66.985462,24.997403,0],[66.98466,24.998348,0],[66.981946,25.001216,0],[66.977458,25.002574,0],[66.97508,25.003702,0],[66.973894,25.004131,0],[66.971842,25.00459,0],[66.970615,25.004616,0],[66.969119,25.004753,0],[66.967543,25.006838,0],[66.966831,25.006126,0],[66.965764,25.00412,0],[66.964988,25.003493,0],[66.962404,24.99999,0],[66.962467,24.995175,0],[66.966235,24.991744,0],[66.967967,24.987784,0],[66.967656,24.987536,0],[66.971235,24.982153,0],[66.970615,24.98117,0],[66.970334,24.981045,0],[66.966299,24.979249,0],[66.961361,24.976938,0],[66.959864,24.97906,0],[66.957971,24.982273,0],[66.950556,24.979078,0],[66.950322,24.978961,0],[66.950942,24.977831,0],[66.950971,24.97764,0],[66.95076,24.977327,0],[66.950114,24.976762,0],[66.951854,24.973765,0],[66.949633,24.972594,0],[66.947108,24.971311,0],[66.9486,24.968537,0],[66.949942,24.96536,0],[66.950524,24.96392,0],[66.948459,24.96329,0],[66.949122,24.961708,0],[66.946783,24.96101,0],[66.944975,24.960548,0],[66.943698,24.959391,0],[66.94322,24.958317,0],[66.941703,24.960703,0],[66.939228,24.964395,0],[66.938861,24.964247,0],[66.93831,24.964812,0],[66.935349,24.963703,0],[66.935465,24.964293,0],[66.933329,24.966939,0],[66.923771,24.960944,0],[66.923136,24.959488,0],[66.925605,24.956613,0],[66.926334,24.955305,0],[66.92804,24.952936,0],[66.930527,24.948972,0],[66.931854,24.946669,0],[66.932592,24.945819,0],[66.934505,24.942277,0],[66.934682,24.94166,0],[66.934689,24.941635,0],[66.936712,24.938123,0],[66.940906,24.931661,0],[66.944939,24.925425,0],[66.947368,24.921107,0],[66.947582,24.920722,0],[66.950164,24.916101,0],[66.952408,24.914077,0],[66.956386,24.910574,0],[66.956489,24.910485,0],[66.958552,24.908711,0],[66.962147,24.905669,0],[66.962296,24.905543,0],[66.965297,24.903234,0],[66.966971,24.904941,0],[66.967714,24.904365,0],[66.968537,24.905272,0],[66.969516,24.904641,0],[66.970863,24.906355,0],[66.971904,24.907575,0],[66.972258,24.909133,0],[66.972604,24.910368,0],[66.973039,24.91183,0],[66.973206,24.912024,0],[66.973538,24.912506,0],[66.973819,24.912952,0],[66.974477,24.912793,0],[66.975131,24.912802,0],[66.975641,24.912845,0],[66.975956,24.912837,0],[66.976365,24.912628,0],[66.976597,24.91287,0],[66.976774,24.913219,0],[66.97706,24.913402,0],[66.977565,24.913743,0],[66.978008,24.91388,0],[66.978576,24.914342,0],[66.978832,24.914693,0],[66.979058,24.914557,0],[66.979725,24.91401,0],[66.979797,24.913903,0],[66.980052,24.913706,0],[66.980388,24.913345,0],[66.981117,24.91395,0],[66.982086,24.915231,0],[66.982443,24.916003,0],[66.984144,24.915446,0],[66.985481,24.916673,0],[66.985426,24.916853,0],[66.98543,24.91692,0],[66.98569,24.917359,0],[66.985831,24.917671,0],[66.985927,24.917916,0],[66.986034,24.918108,0],[66.986268,24.918513,0],[66.986425,24.918864,0],[66.986475,24.919022,0],[66.986487,24.919209,0],[66.98642,24.91947,0],[66.986334,24.919622,0],[66.986138,24.919758,0],[66.98604,24.919986,0],[66.98628,24.920032,0],[66.986437,24.920063,0],[66.986657,24.92008,0],[66.986863,24.920274,0],[66.986933,24.920485,0],[66.987027,24.920792,0],[66.986977,24.920987,0],[66.986783,24.921353,0],[66.986642,24.921623,0],[66.98646,24.921855,0],[66.987454,24.922566,0],[66.987577,24.92262,0],[66.987697,24.923099,0],[66.98769,24.92315,0],[66.987766,24.923294,0],[66.987993,24.923817,0],[66.988083,24.923967,0],[66.987905,24.924016,0],[66.98758,24.924095,0],[66.987475,24.924105,0],[66.987383,24.924092,0],[66.987263,24.924046,0],[66.987219,24.924092,0],[66.987082,24.924078,0],[66.986908,24.923891,0],[66.986714,24.923763,0],[66.986282,24.923715,0],[66.985975,24.923675,0],[66.985585,24.923903,0],[66.985041,24.923549,0],[66.984743,24.923742,0],[66.984341,24.923916,0],[66.983272,24.924421,0],[66.983044,24.924322,0],[66.98191,24.925185,0],[66.98156,24.924953,0],[66.981472,24.925155,0],[66.981543,24.925245,0],[66.980993,24.925596,0],[66.980754,24.92539,0],[66.980629,24.925448,0],[66.980337,24.925719,0],[66.98011,24.925961,0],[66.979957,24.926126,0],[66.979295,24.926541,0],[66.979217,24.926486,0],[66.979061,24.926466,0],[66.978977,24.926393,0],[66.978743,24.926288,0],[66.978546,24.92668,0],[66.978604,24.926782,0],[66.97805,24.927384,0],[66.977347,24.927105,0],[66.976586,24.926414,0],[66.975473,24.925599,0],[66.974333,24.925019,0],[66.974189,24.924946,0],[66.973687,24.925577,0],[66.973304,24.925977,0],[66.973993,24.926617,0],[66.973921,24.926687,0],[66.973691,24.92701,0],[66.974746,24.927874,0],[66.975593,24.928691,0],[66.975745,24.92903,0],[66.976292,24.929217,0],[66.975918,24.929996,0],[66.976359,24.930171,0],[66.976122,24.930705,0],[66.976564,24.930844,0],[66.976981,24.931071,0],[66.978099,24.931405,0],[66.978017,24.93158,0],[66.978608,24.93176,0],[66.979101,24.931888,0],[66.979425,24.932025,0],[66.979396,24.932152,0],[66.979283,24.932298,0],[66.979198,24.932402,0],[66.979081,24.932477,0],[66.978791,24.932597,0],[66.978638,24.932658,0],[66.978422,24.932745,0],[66.978132,24.932842,0],[66.97791,24.932968,0],[66.977666,24.93316,0],[66.977337,24.933423,0],[66.977033,24.933739,0],[66.976728,24.934132,0],[66.977828,24.934447,0],[66.977567,24.935371,0],[66.976444,24.935188,0],[66.976178,24.936355,0],[66.976112,24.936899,0],[66.976014,24.937117,0],[66.976861,24.937563,0],[66.977101,24.937266,0],[66.977557,24.937578,0],[66.976876,24.938519,0],[66.977147,24.938632,0],[66.977129,24.938766,0],[66.977221,24.938901,0],[66.977419,24.938971,0],[66.977455,24.939038,0],[66.977553,24.939135,0],[66.97734,24.939662,0],[66.977251,24.939991,0],[66.976877,24.939928,0],[66.976708,24.940621,0],[66.976427,24.94051,0],[66.976385,24.940703,0],[66.9769,24.94091,0],[66.977654,24.941458,0],[66.978179,24.942031,0],[66.977904,24.942507,0],[66.979184,24.944846,0],[66.978574,24.945167,0],[66.977026,24.945987,0],[66.976426,24.946132,0],[66.975656,24.946441,0],[66.976057,24.946896,0],[66.975057,24.947503,0],[66.974722,24.948473,0],[66.975071,24.948607,0],[66.975066,24.948728,0],[66.974805,24.948987,0],[66.974686,24.949196,0],[66.97451,24.94937,0],[66.974461,24.949508,0],[66.974494,24.949695,0],[66.974511,24.949986,0],[66.974522,24.950259,0],[66.973744,24.950086,0],[66.9738,24.950182,0],[66.974232,24.950647,0],[66.974236,24.951406,0],[66.974108,24.95155,0],[66.974081,24.951908,0],[66.974004,24.952112,0],[66.973969,24.952332,0],[66.974066,24.95251,0],[66.974161,24.952769,0],[66.974301,24.952886,0],[66.974542,24.952846,0],[66.974732,24.952801,0],[66.974924,24.952865,0],[66.975132,24.952983,0],[66.975413,24.953116,0],[66.975705,24.953206,0],[66.975981,24.9533,0],[66.976398,24.953435,0],[66.97659,24.953552,0],[66.976556,24.953705,0],[66.976526,24.953924,0],[66.976402,24.954185,0],[66.976247,24.95436,0],[66.975958,24.954365,0],[66.975765,24.954367,0],[66.975629,24.954299,0],[66.975537,24.954187,0],[66.975328,24.954123,0],[66.974934,24.954203,0],[66.974492,24.954326,0],[66.974161,24.954379,0],[66.973893,24.954423,0],[66.973709,24.954444,0],[66.973505,24.954432,0],[66.973555,24.95395,0],[66.97329,24.953898,0],[66.972729,24.953783,0],[66.972023,24.953654,0],[66.971626,24.953517,0],[66.971723,24.95322,0],[66.971872,24.952911,0],[66.972039,24.952717,0],[66.972179,24.952521,0],[66.97194,24.952363,0],[66.971503,24.95222,0],[66.970793,24.952019,0],[66.96984,24.951809,0],[66.969737,24.952088,0],[66.969328,24.952713,0],[66.968783,24.953355,0],[66.968324,24.953894,0],[66.966374,24.952654,0],[66.965477,24.953683,0],[66.964907,24.953312,0],[66.96481,24.953425,0],[66.964828,24.953655,0],[66.96473,24.953873,0],[66.964715,24.954131,0],[66.964828,24.954285,0],[66.964928,24.954564,0],[66.964861,24.954783,0],[66.964689,24.955086,0],[66.964799,24.955412,0],[66.964857,24.955681,0],[66.964504,24.955494,0],[66.964109,24.955317,0],[66.963969,24.955506,0],[66.963639,24.955817,0],[66.963257,24.956137,0],[66.962927,24.956447,0],[66.962753,24.956798,0],[66.962557,24.957245,0],[66.962511,24.957576,0],[66.962498,24.957674,0],[66.96199,24.958594,0],[66.962028,24.958833,0],[66.962118,24.959073,0],[66.962413,24.959622,0],[66.962599,24.959815,0],[66.962573,24.96014,0],[66.962585,24.960637,0],[66.962558,24.961019,0],[66.962417,24.961332,0],[66.962149,24.961691,0],[66.961946,24.961889,0],[66.961806,24.962107,0],[66.961707,24.962392,0],[66.961774,24.962785,0],[66.961928,24.962992,0],[66.962016,24.963395,0],[66.962154,24.963569,0],[66.96221,24.964043,0],[66.962865,24.964338,0],[66.963727,24.964479,0],[66.96426,24.964572,0],[66.964967,24.96461,0],[66.965752,24.964679,0],[66.965557,24.966009,0],[66.967519,24.966207,0],[66.967414,24.967825,0],[66.968371,24.96791,0],[66.970029,24.968434,0],[66.971282,24.968767,0],[66.971658,24.968815,0],[66.972718,24.973843,0],[66.972767,24.974075,0],[66.972987,24.974064,0],[66.973042,24.974523,0],[66.973134,24.974696,0],[66.973293,24.974598,0],[66.973814,24.974448,0],[66.974257,24.97431,0],[66.974399,24.974226,0],[66.975092,24.973218,0],[66.975196,24.973564,0],[66.975142,24.977819,0],[66.97618,24.977819,0],[66.976114,24.981235,0],[66.980116,24.981318,0],[66.980118,24.981872,0],[66.980578,24.982122,0],[66.980891,24.982162,0],[66.98188,24.982182,0],[66.981888,24.982528,0],[66.981993,24.982721,0],[66.982164,24.982878,0],[66.982172,24.983153,0],[66.982613,24.983228,0],[66.982582,24.98345,0],[66.982459,24.984512,0],[66.982584,24.98455,0],[66.982439,24.985268,0],[66.982158,24.985267,0],[66.981804,24.985255,0],[66.981495,24.986361,0]]]},"properties":{"name":"Baldia Town","description":{"@type":"html","value":"<html xmlns:fo=\"http://www.w3.org/1999/XSL/Format\" xmlns:msxsl=\"urn:schemas-microsoft-com:xslt\">\n\n<head>\n\n<META http-equiv=\"Content-Type\" content=\"text/html\">\n\n<meta http-equiv=\"content-type\" content=\"text/html; charset=UTF-8\">\n\n</head>\n\n<body style=\"margin:0px 0px 0px 0px;overflow:auto;background:#FFFFFF;\">\n\n<table style=\"font-family:Arial,Verdana,Times;font-size:12px;text-align:left;width:100%;border-collapse:collapse;padding:3px 3px 3px 3px\">\n\n<tr style=\"text-align:center;font-weight:bold;background:#9CBCE2\">\n\n<td>Baldia Town</td>\n\n</tr>\n\n<tr>\n\n<td>\n\n<table style=\"font-family:Arial,Verdana,Times;font-size:12px;text-align:left;width:100%;border-spacing:0px; padding:3px 3px 3px 3px\">\n\n<tr>\n\n<td>FID</td>\n\n<td>0</td>\n\n</tr>\n\n<tr bgcolor=\"#D4E4F3\">\n\n<td>name</td>\n\n<td>Baldia Town</td>\n\n</tr>\n\n</table>\n\n</td>\n\n</tr>\n\n</table>\n\n</body><script type=\"text/javascript\">\n\n\t\t\t\tfunction changeImage(attElement, nameElement) {\n\n\t\t\t\tdocument.getElementById('imageAttachment').src = attElement;\n\n\t\t\t\tdocument.getElementById('imageName').innerHTML = nameElement;}\n\n\t\t\t</script></html>\n\n"},"styleUrl":"#PolyStyle00","fill-opacity":0,"fill":"#cae4fc","stroke-opacity":1,"stroke":"#000000","stroke-width":0.7,"label-opacity":0,"label-color":"#000000","label-scale":0},"id":"ID_00000"},{"type":"Feature","geometry":{"type":"Polygon","coordinates":[[[67.083236,24.866992,0],[67.081665,24.868856,0],[67.07945,24.871598,0],[67.078864,24.872224,0],[67.078045,24.872727,0],[67.076976,24.873238,0],[67.071747,24.875321,0],[67.070398,24.876187,0],[67.067946,24.877756,0],[67.063482,24.880612,0],[67.056898,24.884659,0],[67.05461,24.881106,0],[67.050889,24.875492,0],[67.049432,24.87318,0],[67.048589,24.872703,0],[67.047863,24.871379,0],[67.047758,24.870949,0],[67.047667,24.870577,0],[67.047905,24.870377,0],[67.0474,24.867576,0],[67.047244,24.866618,0],[67.046974,24.865528,0],[67.047152,24.865411,0],[67.047233,24.865274,0],[67.047254,24.865229,0],[67.047334,24.865055,0],[67.047353,24.864732,0],[67.047328,24.864242,0],[67.047452,24.864244,0],[67.047661,24.864247,0],[67.047871,24.864232,0],[67.048048,24.86421,0],[67.048243,24.864302,0],[67.048386,24.864364,0],[67.048629,24.864307,0],[67.048701,24.86432,0],[67.049118,24.866495,0],[67.049494,24.865103,0],[67.049591,24.864728,0],[67.049206,24.864663,0],[67.049266,24.86415,0],[67.049479,24.863641,0],[67.049691,24.863157,0],[67.049955,24.862863,0],[67.049752,24.86276,0],[67.049822,24.862596,0],[67.049808,24.861132,0],[67.051559,24.861155,0],[67.051577,24.859019,0],[67.052963,24.859548,0],[67.053302,24.859642,0],[67.053384,24.85944,0],[67.053936,24.858241,0],[67.053819,24.85818,0],[67.053356,24.858002,0],[67.053468,24.857753,0],[67.054082,24.856608,0],[67.054517,24.855975,0],[67.054792,24.855572,0],[67.055107,24.855069,0],[67.055579,24.854173,0],[67.055248,24.854014,0],[67.055396,24.853735,0],[67.055513,24.85379,0],[67.057713,24.854971,0],[67.05906,24.852971,0],[67.059033,24.852956,0],[67.056896,24.851803,0],[67.055031,24.850793,0],[67.0552,24.850558,0],[67.055265,24.850583,0],[67.055403,24.850471,0],[67.055483,24.850373,0],[67.055586,24.850312,0],[67.055836,24.850225,0],[67.055964,24.850179,0],[67.056027,24.850114,0],[67.056107,24.850023,0],[67.056197,24.84994,0],[67.056311,24.849769,0],[67.056369,24.84969,0],[67.056429,24.849625,0],[67.057229,24.848704,0],[67.057529,24.848362,0],[67.057623,24.848178,0],[67.057703,24.847919,0],[67.05772,24.847737,0],[67.060859,24.847413,0],[67.061016,24.847452,0],[67.061786,24.848235,0],[67.062267,24.848657,0],[67.062371,24.848688,0],[67.062537,24.848717,0],[67.062988,24.848735,0],[67.063769,24.848652,0],[67.065213,24.84859,0],[67.066192,24.848522,0],[67.066369,24.847406,0],[67.066772,24.84524,0],[67.068322,24.844967,0],[67.068253,24.844781,0],[67.068195,24.844496,0],[67.068168,24.844308,0],[67.068375,24.844269,0],[67.068818,24.84417,0],[67.068836,24.844119,0],[67.069098,24.844066,0],[67.069291,24.843952,0],[67.06916,24.843305,0],[67.070319,24.843005,0],[67.072381,24.841706,0],[67.0723,24.841339,0],[67.072126,24.840907,0],[67.072165,24.84042,0],[67.072465,24.840324,0],[67.072491,24.840131,0],[67.072637,24.839846,0],[67.073386,24.838122,0],[67.072213,24.836788,0],[67.072262,24.836667,0],[67.071729,24.836101,0],[67.071113,24.835312,0],[67.074208,24.833739,0],[67.076441,24.832536,0],[67.076544,24.832477,0],[67.079499,24.830791,0],[67.079975,24.83147,0],[67.08094,24.833597,0],[67.081493,24.834901,0],[67.081709,24.835656,0],[67.082014,24.836792,0],[67.082513,24.838554,0],[67.083246,24.840907,0],[67.083672,24.842048,0],[67.084121,24.843011,0],[67.084366,24.843386,0],[67.085116,24.844123,0],[67.086344,24.844992,0],[67.086842,24.845267,0],[67.087295,24.845477,0],[67.088227,24.846098,0],[67.088675,24.846605,0],[67.08882,24.847134,0],[67.089033,24.848129,0],[67.089514,24.84995,0],[67.090109,24.852155,0],[67.090116,24.852299,0],[67.090141,24.852805,0],[67.090169,24.855051,0],[67.090236,24.85679,0],[67.090139,24.857687,0],[67.089613,24.85919,0],[67.088797,24.860489,0],[67.088475,24.860887,0],[67.088193,24.861236,0],[67.087719,24.861822,0],[67.08594,24.863806,0],[67.083906,24.866197,0],[67.083236,24.866992,0]]]},"properties":{"name":"Chanesar Town","description":{"@type":"html","value":"<html xmlns:fo=\"http://www.w3.org/1999/XSL/Format\" xmlns:msxsl=\"urn:schemas-microsoft-com:xslt\">\n\n<head>\n\n<META http-equiv=\"Content-Type\" content=\"text/html\">\n\n<meta http-equiv=\"content-type\" content=\"text/html; charset=UTF-8\">\n\n</head>\n\n<body style=\"margin:0px 0px 0px 0px;overflow:auto;background:#FFFFFF;\">\n\n<table style=\"font-family:Arial,Verdana,Times;font-size:12px;text-align:left;width:100%;border-collapse:collapse;padding:3px 3px 3px 3px\">\n\n<tr style=\"text-align:center;font-weight:bold;background:#9CBCE2\">\n\n<td>Chanesar Town</td>\n\n</tr>\n\n<tr>\n\n<td>\n\n<table style=\"font-family:Arial,Verdana,Times;font-size:12px;text-align:left;width:100%;border-spacing:0px; padding:3px 3px 3px 3px\">\n\n<tr>\n\n<td>FID</td>\n\n<td>1</td>\n\n</tr>\n\n<tr bgcolor=\"#D4E4F3\">\n\n<td>name</td>\n\n<td>Chanesar Town</td>\n\n</tr>\n\n</table>\n\n</td>\n\n</tr>\n\n</table>\n\n</body><script type=\"text/javascript\">\n\n\t\t\t\tfunction changeImage(attElement, nameElement) {\n\n\t\t\t\tdocument.getElementById('imageAttachment').src = attElement;\n\n\t\t\t\tdocument.getElementById('imageName').innerHTML = nameElement;}\n\n\t\t\t</script></html>\n\n"},"styleUrl":"#PolyStyle00","fill-opacity":0,"fill":"#cae4fc","stroke-opacity":1,"stroke":"#000000","stroke-width":0.7,"label-opacity":0,"label-color":"#000000","label-scale":0},"id":"ID_00001"},{"type":"Feature","geometry":{"type":"GeometryCollection","geometries":[{"type":"Polygon","coordinates":[[[67.047779,24.816437,0],[67.048543,24.817766,0],[67.048103,24.818128,0],[67.048765,24.818609,0],[67.048141,24.81906,0],[67.047683,24.819541,0],[67.047123,24.820183,0],[67.046656,24.820951,0],[67.04611,24.821728,0],[67.045962,24.821807,0],[67.044156,24.82157,0],[67.044075,24.821263,0],[67.043933,24.82039,0],[67.043822,24.819744,0],[67.043628,24.818744,0],[67.043457,24.817934,0],[67.043314,24.817269,0],[67.043164,24.816558,0],[67.04307,24.816285,0],[67.04422,24.816037,0],[67.044288,24.815078,0],[67.044893,24.814856,0],[67.045179,24.814984,0],[67.045215,24.815047,0],[67.046401,24.81415,0],[67.047779,24.816437,0]]]},{"type":"Polygon","coordinates":[[[67.028058,24.853855,0],[67.020462,24.849829,0],[67.020392,24.849792,0],[67.019858,24.850096,0],[67.019635,24.849338,0],[67.019109,24.849451,0],[67.01868,24.84944,0],[67.018666,24.849029,0],[67.018785,24.848763,0],[67.018953,24.848417,0],[67.018864,24.84811,0],[67.019764,24.847482,0],[67.02121,24.8464,0],[67.022047,24.845819,0],[67.022122,24.845724,0],[67.02178,24.844999,0],[67.021471,24.841353,0],[67.021545,24.840004,0],[67.021618,24.839515,0],[67.02169,24.839098,0],[67.02154,24.838654,0],[67.021131,24.838052,0],[67.021094,24.836203,0],[67.021064,24.835476,0],[67.020887,24.834777,0],[67.020851,24.834356,0],[67.020856,24.833391,0],[67.020857,24.832044,0],[67.020933,24.831213,0],[67.020303,24.830001,0],[67.01983,24.828801,0],[67.019833,24.828738,0],[67.019861,24.82818,0],[67.019061,24.826177,0],[67.018625,24.82501,0],[67.018353,24.824304,0],[67.017831,24.823581,0],[67.017448,24.82323,0],[67.016549,24.82253,0],[67.015678,24.822017,0],[67.014429,24.821527,0],[67.012105,24.820522,0],[67.011124,24.820036,0],[67.01053,24.819841,0],[67.008628,24.819014,0],[67.007454,24.818783,0],[67.006306,24.818854,0],[67.00541,24.818942,0],[67.002106,24.819313,0],[67.001625,24.819385,0],[66.995401,24.820313,0],[66.994671,24.82041,0],[66.994467,24.818783,0],[66.994458,24.818705,0],[66.994321,24.817472,0],[66.994107,24.815157,0],[66.993872,24.81351,0],[66.994868,24.813562,0],[66.996218,24.813565,0],[66.997348,24.813581,0],[66.99889,24.813386,0],[67.005249,24.812439,0],[67.009152,24.811846,0],[67.010255,24.811617,0],[67.011136,24.811515,0],[67.013027,24.811081,0],[67.017651,24.809623,0],[67.01803,24.809514,0],[67.017357,24.808358,0],[67.030493,24.800107,0],[67.031837,24.801964,0],[67.032945,24.803937,0],[67.034388,24.806294,0],[67.035683,24.808528,0],[67.035566,24.808641,0],[67.036938,24.811219,0],[67.036613,24.81148,0],[67.036172,24.811909,0],[67.036557,24.812392,0],[67.035934,24.813028,0],[67.035906,24.813171,0],[67.035835,24.813352,0],[67.035748,24.813556,0],[67.035646,24.813737,0],[67.035673,24.81377,0],[67.03546,24.813809,0],[67.03535,24.813891,0],[67.035105,24.814106,0],[67.034819,24.81441,0],[67.034831,24.814763,0],[67.03479,24.814849,0],[67.034622,24.81513,0],[67.034514,24.815162,0],[67.034446,24.815274,0],[67.034358,24.815291,0],[67.034266,24.816148,0],[67.034505,24.817921,0],[67.034753,24.819601,0],[67.034867,24.820341,0],[67.03442,24.820822,0],[67.034142,24.820983,0],[67.034563,24.822193,0],[67.035044,24.823706,0],[67.035193,24.82421,0],[67.035211,24.824711,0],[67.035193,24.82507,0],[67.034857,24.827586,0],[67.034836,24.82774,0],[67.033956,24.832088,0],[67.033694,24.833816,0],[67.034226,24.834062,0],[67.035529,24.834437,0],[67.037062,24.835138,0],[67.037568,24.835443,0],[67.037925,24.836009,0],[67.038,24.83623,0],[67.038839,24.83615,0],[67.039138,24.838037,0],[67.03963,24.840874,0],[67.03956,24.841136,0],[67.039555,24.841471,0],[67.039771,24.841915,0],[67.039775,24.842477,0],[67.038189,24.845083,0],[67.037684,24.844778,0],[67.037332,24.84469,0],[67.037177,24.844786,0],[67.037067,24.844854,0],[67.036706,24.845377,0],[67.03638,24.846075,0],[67.03608,24.846687,0],[67.03583,24.846619,0],[67.035119,24.847871,0],[67.034137,24.847407,0],[67.032163,24.851057,0],[67.031754,24.851618,0],[67.029796,24.850782,0],[67.028058,24.853855,0]]]}]},"properties":{"name":"Clifton Town","description":{"@type":"html","value":"<html xmlns:fo=\"http://www.w3.org/1999/XSL/Format\" xmlns:msxsl=\"urn:schemas-microsoft-com:xslt\">\n\n<head>\n\n<META http-equiv=\"Content-Type\" content=\"text/html\">\n\n<meta http-equiv=\"content-type\" content=\"text/html; charset=UTF-8\">\n\n</head>\n\n<body style=\"margin:0px 0px 0px 0px;overflow:auto;background:#FFFFFF;\">\n\n<table style=\"font-family:Arial,Verdana,Times;font-size:12px;text-align:left;width:100%;border-collapse:collapse;padding:3px 3px 3px 3px\">\n\n<tr style=\"text-align:center;font-weight:bold;background:#9CBCE2\">\n\n<td>Clifton Town</td>\n\n</tr>\n\n<tr>\n\n<td>\n\n<table style=\"font-family:Arial,Verdana,Times;font-size:12px;text-align:left;width:100%;border-spacing:0px; padding:3px 3px 3px 3px\">\n\n<tr>\n\n<td>FID</td>\n\n<td>2</td>\n\n</tr>\n\n<tr bgcolor=\"#D4E4F3\">\n\n<td>name</td>\n\n<td>Clifton Town</td>\n\n</tr>\n\n</table>\n\n</td>\n\n</tr>\n\n</table>\n\n</body><script type=\"text/javascript\">\n\n\t\t\t\tfunction changeImage(attElement, nameElement) {\n\n\t\t\t\tdocument.getElementById('imageAttachment').src = attElement;\n\n\t\t\t\tdocument.getElementById('imageName').innerHTML = nameElement;}\n\n\t\t\t</script></html>\n\n"},"styleUrl":"#PolyStyle00","fill-opacity":0,"fill":"#cae4fc","stroke-opacity":1,"stroke":"#000000","stroke-width":0.7,"label-opacity":0,"label-color":"#000000","label-scale":0},"id":"ID_00002"},{"type":"Feature","geometry":{"type":"Polygon","coordinates":[[[67.387384,25.648244,0],[67.387315,25.648737,0],[67.387038,25.648697,0],[67.386038,25.64855,0],[67.385038,25.648403,0],[67.384038,25.648257,0],[67.383669,25.648203,0],[67.383289,25.648147,0],[67.383038,25.64811,0],[67.382038,25.647964,0],[67.381688,25.647912,0],[67.381037,25.647913,0],[67.380035,25.647913,0],[67.379033,25.647914,0],[67.378032,25.647915,0],[67.37703,25.647916,0],[67.376028,25.647917,0],[67.375786,25.647917,0],[67.375504,25.647783,0],[67.375033,25.647386,0],[67.374787,25.647179,0],[67.374032,25.647321,0],[67.373408,25.647438,0],[67.373031,25.647289,0],[67.372034,25.646896,0],[67.371551,25.646705,0],[67.371033,25.646881,0],[67.370026,25.647225,0],[67.369682,25.647343,0],[67.369025,25.647211,0],[67.368025,25.647012,0],[67.367026,25.646812,0],[67.366555,25.646718,0],[67.366027,25.646658,0],[67.365026,25.646545,0],[67.364999,25.646542,0],[67.364026,25.646432,0],[67.363906,25.646418,0],[67.363032,25.645869,0],[67.362913,25.645795,0],[67.362394,25.645845,0],[67.362103,25.645921,0],[67.362027,25.64613,0],[67.361898,25.646481,0],[67.361798,25.646506,0],[67.361334,25.646624,0],[67.361017,25.646705,0],[67.361,25.646709,0],[67.360012,25.64696,0],[67.359006,25.647216,0],[67.358906,25.647241,0],[67.358545,25.647351,0],[67.358002,25.647416,0],[67.356998,25.647535,0],[67.355995,25.647654,0],[67.354991,25.647773,0],[67.354754,25.647801,0],[67.353995,25.647397,0],[67.353231,25.64699,0],[67.353001,25.646833,0],[67.352795,25.646693,0],[67.352735,25.646505,0],[67.352784,25.646405,0],[67.352818,25.646335,0],[67.353009,25.646184,0],[67.353163,25.646063,0],[67.353382,25.645768,0],[67.353021,25.645314,0],[67.352733,25.644951,0],[67.352037,25.644074,0],[67.351945,25.643958,0],[67.351035,25.644076,0],[67.350031,25.644205,0],[67.349028,25.644335,0],[67.348658,25.644383,0],[67.348025,25.644382,0],[67.347023,25.644381,0],[67.346022,25.64438,0],[67.345534,25.644379,0],[67.345265,25.644379,0],[67.34502,25.644379,0],[67.344018,25.644377,0],[67.343909,25.644377,0],[67.343481,25.643394,0],[67.343044,25.642388,0],[67.342846,25.641933,0],[67.342672,25.641533,0],[67.342211,25.640473,0],[67.342073,25.640155,0],[67.341576,25.639013,0],[67.341102,25.637922,0],[67.340942,25.637553,0],[67.340307,25.636093,0],[67.340131,25.635689,0],[67.339672,25.634633,0],[67.33916,25.633456,0],[67.339037,25.633173,0],[67.338402,25.631713,0],[67.338189,25.631223,0],[67.337768,25.630252,0],[67.337374,25.629347,0],[67.337219,25.628981,0],[67.337139,25.628792,0],[67.336519,25.627332,0],[67.336249,25.626695,0],[67.3359,25.625872,0],[67.33528,25.624413,0],[67.335279,25.62441,0],[67.33466,25.622953,0],[67.334309,25.622124,0],[67.334041,25.621493,0],[67.333421,25.620033,0],[67.333339,25.619838,0],[67.332802,25.618573,0],[67.332369,25.617553,0],[67.332182,25.617113,0],[67.331563,25.615653,0],[67.331399,25.615267,0],[67.331343,25.615134,0],[67.330944,25.614193,0],[67.33043,25.612981,0],[67.330324,25.612733,0],[67.329705,25.611273,0],[67.32946,25.610695,0],[67.329085,25.609813,0],[67.328706,25.608919,0],[67.328487,25.608654,0],[67.328235,25.60835,0],[67.327502,25.607465,0],[67.32702,25.606883,0],[67.326517,25.606277,0],[67.325804,25.605417,0],[67.325532,25.605088,0],[67.324589,25.60395,0],[67.324547,25.603899,0],[67.323562,25.60271,0],[67.323374,25.602483,0],[67.322695,25.601664,0],[67.322578,25.601493,0],[67.322251,25.601017,0],[67.321596,25.600065,0],[67.321244,25.599553,0],[67.320615,25.598637,0],[67.320238,25.598088,0],[67.319633,25.597208,0],[67.319231,25.596624,0],[67.318652,25.59578,0],[67.318225,25.595159,0],[67.31767,25.594352,0],[67.317219,25.593695,0],[67.316689,25.592924,0],[67.316212,25.59223,0],[67.315708,25.591496,0],[67.315206,25.590766,0],[67.314726,25.590068,0],[67.31432,25.589476,0],[67.31416,25.589301,0],[67.313811,25.588918,0],[67.313742,25.588842,0],[67.313498,25.588574,0],[67.312822,25.587832,0],[67.312764,25.587769,0],[67.312756,25.58776,0],[67.31177,25.586678,0],[67.311484,25.586364,0],[67.311202,25.586054,0],[67.306548,25.585662,0],[67.300989,25.584121,0],[67.295352,25.582301,0],[67.291293,25.581382,0],[67.290352,25.58139,0],[67.289093,25.581449,0],[67.284498,25.581707,0],[67.281794,25.581799,0],[67.280521,25.579174,0],[67.278092,25.568671,0],[67.277795,25.560701,0],[67.277704,25.556598,0],[67.278669,25.549388,0],[67.279323,25.546918,0],[67.279051,25.546546,0],[67.278796,25.54622,0],[67.278457,25.545814,0],[67.278228,25.545539,0],[67.27603,25.541217,0],[67.270617,25.537055,0],[67.267144,25.533306,0],[67.262279,25.530048,0],[67.258812,25.528152,0],[67.254671,25.524576,0],[67.254495,25.523353,0],[67.254141,25.522318,0],[67.253935,25.521703,0],[67.253667,25.521171,0],[67.252937,25.520716,0],[67.252053,25.520288,0],[67.251255,25.520279,0],[67.250366,25.520268,0],[67.249658,25.520371,0],[67.247668,25.520558,0],[67.246564,25.520349,0],[67.242587,25.519554,0],[67.241044,25.519177,0],[67.239561,25.519159,0],[67.236731,25.518796,0],[67.234483,25.519247,0],[67.232438,25.519372,0],[67.23062,25.519709,0],[67.228048,25.519768,0],[67.223316,25.520409,0],[67.222335,25.520542,0],[67.221455,25.520421,0],[67.22115,25.520278,0],[67.220692,25.520133,0],[67.219931,25.519734,0],[67.219712,25.519631,0],[67.218743,25.5192,0],[67.217999,25.518175,0],[67.217816,25.517876,0],[67.215935,25.514793,0],[67.213394,25.511513,0],[67.213009,25.510572,0],[67.212922,25.510182,0],[67.212933,25.509486,0],[67.212796,25.50837,0],[67.212772,25.507869,0],[67.212873,25.507285,0],[67.213162,25.506453,0],[67.213264,25.505758,0],[67.213676,25.504872,0],[67.214168,25.504484,0],[67.214947,25.502374,0],[67.215674,25.500752,0],[67.215745,25.495932,0],[67.216283,25.493019,0],[67.216187,25.491695,0],[67.214613,25.487978,0],[67.213074,25.485113,0],[67.213069,25.485103,0],[67.21088,25.482722,0],[67.20988,25.481538,0],[67.20484,25.476204,0],[67.201123,25.474853,0],[67.200029,25.474892,0],[67.195056,25.4729,0],[67.185782,25.468561,0],[67.180477,25.464029,0],[67.179165,25.457745,0],[67.176256,25.446568,0],[67.177064,25.438121,0],[67.17508,25.428596,0],[67.175885,25.420985,0],[67.175885,25.417122,0],[67.175459,25.414872,0],[67.175607,25.412682,0],[67.17711,25.408316,0],[67.180048,25.400209,0],[67.180342,25.392069,0],[67.180217,25.39156,0],[67.179858,25.390103,0],[67.179594,25.38903,0],[67.179579,25.388949,0],[67.179522,25.388646,0],[67.179251,25.38719,0],[67.179194,25.386887,0],[67.17862,25.386249,0],[67.178146,25.385723,0],[67.177636,25.385158,0],[67.176822,25.384254,0],[67.176653,25.384067,0],[67.17567,25.382976,0],[67.175497,25.382785,0],[67.174687,25.381885,0],[67.174173,25.381315,0],[67.174025,25.381151,0],[67.173704,25.380803,0],[67.173042,25.380087,0],[67.172818,25.379846,0],[67.17272,25.379739,0],[67.171736,25.378675,0],[67.171649,25.378581,0],[67.17146,25.378376,0],[67.170753,25.377611,0],[67.170101,25.376906,0],[67.169771,25.376549,0],[67.169769,25.376548,0],[67.168849,25.375552,0],[67.168786,25.375482,0],[67.168745,25.375436,0],[67.167803,25.374384,0],[67.16743,25.373967,0],[67.16682,25.373286,0],[67.166114,25.372498,0],[67.165837,25.372188,0],[67.164854,25.371091,0],[67.164799,25.371029,0],[67.164442,25.37063,0],[67.16387,25.370069,0],[67.16335,25.369558,0],[67.163136,25.369348,0],[67.162886,25.369102,0],[67.162293,25.368519,0],[67.161901,25.368134,0],[67.161851,25.368086,0],[67.160916,25.367167,0],[67.160353,25.366614,0],[67.159931,25.3662,0],[67.159643,25.365917,0],[67.159425,25.36515,0],[67.15901,25.363692,0],[67.158972,25.363558,0],[67.158595,25.362234,0],[67.158352,25.361379,0],[67.158613,25.360781,0],[67.159028,25.35983,0],[67.159244,25.359336,0],[67.159875,25.357891,0],[67.160063,25.35746,0],[67.160507,25.356446,0],[67.161072,25.355151,0],[67.161098,25.355128,0],[67.161138,25.355091,0],[67.161234,25.355003,0],[67.161731,25.354544,0],[67.162113,25.354128,0],[67.162627,25.353567,0],[67.163129,25.35302,0],[67.163944,25.352131,0],[67.164145,25.351912,0],[67.164918,25.351068,0],[67.16516,25.350856,0],[67.165343,25.350695,0],[67.166173,25.349967,0],[67.166975,25.349263,0],[67.167185,25.349078,0],[67.167257,25.349015,0],[67.168198,25.348189,0],[67.168199,25.348188,0],[67.168582,25.347853,0],[67.168607,25.34783,0],[67.168839,25.347627,0],[67.16922,25.346715,0],[67.169357,25.346387,0],[67.16979,25.34535,0],[67.169835,25.345241,0],[67.169873,25.34515,0],[67.16996,25.344941,0],[67.170256,25.344233,0],[67.170473,25.343714,0],[67.17046,25.343495,0],[67.170373,25.342041,0],[67.170349,25.341642,0],[67.170318,25.341114,0],[67.17031,25.340982,0],[67.170306,25.340916,0],[67.170286,25.340587,0],[67.17023,25.339638,0],[67.170196,25.339133,0],[67.170099,25.337679,0],[67.170082,25.337428,0],[67.170061,25.33711,0],[67.170057,25.337054,0],[67.170001,25.336224,0],[67.169904,25.33477,0],[67.169806,25.333316,0],[67.169769,25.332755,0],[67.169439,25.332153,0],[67.169276,25.331857,0],[67.168474,25.330394,0],[67.168466,25.330379,0],[67.168172,25.329843,0],[67.168106,25.329723,0],[67.168024,25.329572,0],[67.167484,25.329238,0],[67.166975,25.328922,0],[67.166494,25.328625,0],[67.165505,25.328012,0],[67.16458,25.32744,0],[67.164515,25.327399,0],[67.163525,25.326786,0],[67.162535,25.326173,0],[67.162186,25.325957,0],[67.161545,25.32556,0],[67.160555,25.324948,0],[67.159791,25.324474,0],[67.159566,25.324335,0],[67.158576,25.323722,0],[67.157586,25.323109,0],[67.157397,25.322991,0],[67.156596,25.322496,0],[67.155606,25.321883,0],[67.155002,25.321509,0],[67.154617,25.32127,0],[67.154556,25.321232,0],[67.154353,25.321107,0],[67.153635,25.320098,0],[67.153593,25.320038,0],[67.152657,25.318723,0],[67.15255,25.318572,0],[67.151679,25.317349,0],[67.151507,25.317106,0],[67.150701,25.315974,0],[67.150463,25.31564,0],[67.149766,25.314659,0],[67.149729,25.314608,0],[67.149723,25.314601,0],[67.149356,25.314173,0],[67.148741,25.313457,0],[67.148603,25.313296,0],[67.148422,25.313086,0],[67.148162,25.312783,0],[67.148127,25.312741,0],[67.148095,25.312705,0],[67.148072,25.312678,0],[67.148043,25.312644,0],[67.147759,25.312314,0],[67.147064,25.311503,0],[67.146835,25.311236,0],[67.146778,25.31117,0],[67.145796,25.310026,0],[67.145574,25.309767,0],[67.145028,25.309131,0],[67.144938,25.309026,0],[67.144815,25.308883,0],[67.144314,25.308299,0],[67.143833,25.307739,0],[67.143126,25.306915,0],[67.143087,25.30683,0],[67.142856,25.30633,0],[67.142412,25.305369,0],[67.141889,25.304236,0],[67.141737,25.303908,0],[67.141063,25.302446,0],[67.140922,25.302142,0],[67.140388,25.300985,0],[67.139955,25.300047,0],[67.139713,25.299523,0],[67.139038,25.298062,0],[67.138988,25.297953,0],[67.138364,25.296601,0],[67.138021,25.295859,0],[67.137689,25.295139,0],[67.137054,25.293765,0],[67.137014,25.293678,0],[67.13634,25.292217,0],[67.136325,25.292185,0],[67.136333,25.290764,0],[67.13634,25.289311,0],[67.136348,25.287858,0],[67.136355,25.286405,0],[67.136363,25.284952,0],[67.136371,25.2835,0],[67.136376,25.282435,0],[67.136319,25.282428,0],[67.136232,25.282224,0],[67.136155,25.282044,0],[67.135529,25.280583,0],[67.135268,25.279974,0],[67.134903,25.279123,0],[67.134536,25.278266,0],[67.134299,25.27803,0],[67.133923,25.277657,0],[67.133315,25.277054,0],[67.13322,25.276959,0],[67.132441,25.276186,0],[67.132331,25.276077,0],[67.131348,25.2751,0],[67.130959,25.274714,0],[67.130364,25.274124,0],[67.129476,25.273242,0],[67.12938,25.273147,0],[67.128397,25.27217,0],[67.127994,25.271771,0],[67.127413,25.271193,0],[67.12678,25.270565,0],[67.126512,25.270299,0],[67.126429,25.270217,0],[67.126014,25.269804,0],[67.125446,25.269221,0],[67.125064,25.268828,0],[67.124463,25.26821,0],[67.123633,25.267357,0],[67.12348,25.2672,0],[67.122497,25.266189,0],[67.122202,25.265886,0],[67.121514,25.265178,0],[67.121384,25.265046,0],[67.120771,25.264415,0],[67.120531,25.264168,0],[67.119548,25.263157,0],[67.11934,25.262944,0],[67.118565,25.262147,0],[67.117909,25.261472,0],[67.117582,25.261136,0],[67.116599,25.260126,0],[67.116478,25.260001,0],[67.116268,25.259786,0],[67.115616,25.259108,0],[67.11506,25.25853,0],[67.114633,25.258086,0],[67.113899,25.257323,0],[67.11365,25.257067,0],[67.113644,25.257059,0],[67.112668,25.256051,0],[67.112219,25.255588,0],[67.111685,25.255036,0],[67.110795,25.254117,0],[67.110702,25.254021,0],[67.109719,25.253006,0],[67.109371,25.252646,0],[67.108736,25.25199,0],[67.108345,25.251586,0],[67.1069,25.250652,0],[67.106764,25.250564,0],[67.10673,25.250543,0],[67.10673,25.250542,0],[67.093067,25.241711,0],[67.088761,25.239628,0],[67.088139,25.239438,0],[67.084024,25.238183,0],[67.080013,25.236077,0],[67.076067,25.233159,0],[67.073639,25.230643,0],[67.069902,25.227824,0],[67.065905,25.224858,0],[67.062707,25.222441,0],[67.059769,25.223565,0],[67.057959,25.223694,0],[67.054626,25.223932,0],[67.043776,25.217698,0],[67.038984,25.211974,0],[67.030883,25.193203,0],[67.016463,25.170654,0],[67.016055,25.135,0],[67.026547,25.117477,0],[67.026049,25.116762,0],[67.026049,25.116762,0],[67.025824,25.11644,0],[67.025244,25.115608,0],[67.025074,25.115364,0],[67.024802,25.114974,0],[67.024125,25.114003,0],[67.024099,25.113984,0],[67.023419,25.113502,0],[67.023113,25.113285,0],[67.022127,25.112585,0],[67.021333,25.112022,0],[67.021141,25.111885,0],[67.020155,25.111185,0],[67.019246,25.110541,0],[67.019168,25.110486,0],[67.018183,25.109786,0],[67.017197,25.109086,0],[67.01716,25.10906,0],[67.016217,25.10839,0],[67.016211,25.108386,0],[67.015225,25.107686,0],[67.015074,25.107579,0],[67.014239,25.106986,0],[67.013253,25.106287,0],[67.012988,25.106099,0],[67.012267,25.105587,0],[67.011281,25.104887,0],[67.010902,25.104618,0],[67.010452,25.104298,0],[67.010295,25.104184,0],[67.009309,25.103463,0],[67.008864,25.103138,0],[67.008324,25.102742,0],[67.007338,25.102022,0],[67.00684,25.101658,0],[67.006629,25.101503,0],[67.006353,25.101301,0],[67.005367,25.10058,0],[67.004817,25.100178,0],[67.004382,25.09986,0],[67.00394,25.099537,0],[67.003396,25.099139,0],[67.002793,25.098698,0],[67.002411,25.098418,0],[67.001425,25.097698,0],[67.000769,25.097217,0],[67.00044,25.096977,0],[66.999742,25.096466,0],[66.999596,25.09636,0],[66.999456,25.096141,0],[66.999202,25.095743,0],[66.998484,25.094619,0],[66.998484,25.094619,0],[66.998266,25.094278,0],[66.997784,25.093524,0],[66.997512,25.093098,0],[66.997329,25.092813,0],[66.996539,25.091576,0],[66.996539,25.091576,0],[66.99645,25.091436,0],[66.996393,25.091347,0],[66.995632,25.090156,0],[66.995567,25.090057,0],[66.995451,25.089882,0],[66.994594,25.088577,0],[66.994594,25.088577,0],[66.994488,25.088416,0],[66.993621,25.087097,0],[66.993524,25.08695,0],[66.992856,25.085933,0],[66.992648,25.085617,0],[66.992648,25.085617,0],[66.99256,25.085484,0],[66.991675,25.084137,0],[66.991597,25.084018,0],[66.991473,25.08383,0],[66.990698,25.082932,0],[66.990698,25.082932,0],[66.990367,25.082549,0],[66.989959,25.082076,0],[66.989719,25.081799,0],[66.989098,25.081079,0],[66.988741,25.080665,0],[66.988741,25.080665,0],[66.988561,25.080457,0],[66.988501,25.080388,0],[66.987828,25.079609,0],[66.987762,25.079532,0],[66.986784,25.078399,0],[66.986784,25.078398,0],[66.986559,25.078139,0],[66.985805,25.077265,0],[66.98529,25.076668,0],[66.984827,25.076132,0],[66.984827,25.076132,0],[66.984021,25.075198,0],[66.983848,25.074998,0],[66.983463,25.074552,0],[66.98287,25.073865,0],[66.98287,25.073865,0],[66.982752,25.073728,0],[66.981892,25.072732,0],[66.981483,25.072258,0],[66.981412,25.072176,0],[66.981644,25.071878,0],[66.981911,25.071534,0],[66.982274,25.071067,0],[66.982363,25.070953,0],[66.982467,25.070819,0],[66.98293,25.070224,0],[66.98293,25.070224,0],[66.983528,25.069454,0],[66.983584,25.069381,0],[66.983948,25.068913,0],[66.98403,25.068807,0],[66.98406,25.068769,0],[66.984114,25.068699,0],[66.984311,25.068465,0],[66.984748,25.067944,0],[66.984965,25.067686,0],[66.984965,25.067686,0],[66.985034,25.067604,0],[66.985235,25.067369,0],[66.985814,25.066694,0],[66.985845,25.066658,0],[66.985909,25.066583,0],[66.985973,25.066508,0],[66.985981,25.066498,0],[66.986609,25.065767,0],[66.986635,25.065736,0],[66.986998,25.065313,0],[66.986998,25.065313,0],[66.987187,25.065093,0],[66.987204,25.065072,0],[66.987218,25.065056,0],[66.987219,25.065054,0],[66.987322,25.064547,0],[66.987331,25.064503,0],[66.987505,25.063644,0],[66.999264,25.046739,0],[66.999986,25.048755,0],[67.006337,25.060707,0],[67.012116,25.072003,0],[67.012804,25.073348,0],[67.014163,25.074971,0],[67.015722,25.075852,0],[67.017788,25.076567,0],[67.026523,25.077429,0],[67.030963,25.078244,0],[67.034933,25.078973,0],[67.040835,25.079854,0],[67.042566,25.085781,0],[67.043254,25.086077,0],[67.043691,25.087056,0],[67.043923,25.087576,0],[67.045045,25.088222,0],[67.047385,25.088612,0],[67.048514,25.088801,0],[67.05101,25.089217,0],[67.053418,25.092173,0],[67.055348,25.097529,0],[67.055396,25.089187,0],[67.055416,25.088775,0],[67.055434,25.088392,0],[67.055515,25.08671,0],[67.055552,25.085941,0],[67.055021,25.079723,0],[67.060013,25.077242,0],[67.064008,25.075255,0],[67.071257,25.07269,0],[67.072342,25.072306,0],[67.075354,25.074256,0],[67.077146,25.076317,0],[67.080809,25.08053,0],[67.080816,25.080537,0],[67.080815,25.080568,0],[67.08079,25.082161,0],[67.078919,25.087774,0],[67.080954,25.085125,0],[67.083595,25.084265,0],[67.117966,25.07307,0],[67.127702,25.073073,0],[67.134117,25.073811,0],[67.137647,25.076019,0],[67.138241,25.076391,0],[67.138306,25.076432,0],[67.142371,25.078602,0],[67.144183,25.078879,0],[67.145664,25.079106,0],[67.147049,25.079318,0],[67.148423,25.079878,0],[67.150829,25.080858,0],[67.158231,25.081308,0],[67.161799,25.082988,0],[67.161943,25.083056,0],[67.162813,25.081843,0],[67.166061,25.077315,0],[67.166842,25.077584,0],[67.167496,25.07781,0],[67.173006,25.075459,0],[67.173539,25.074869,0],[67.173472,25.074332,0],[67.1731,25.07137,0],[67.172642,25.069035,0],[67.175373,25.066203,0],[67.177514,25.063243,0],[67.177108,25.057446,0],[67.177284,25.054462,0],[67.177714,25.05315,0],[67.178211,25.051637,0],[67.178841,25.048897,0],[67.180575,25.049785,0],[67.181769,25.050396,0],[67.186983,25.052431,0],[67.18952,25.049356,0],[67.192781,25.045992,0],[67.193181,25.045519,0],[67.194189,25.04386,0],[67.195079,25.043096,0],[67.195185,25.043006,0],[67.195882,25.042029,0],[67.195988,25.041881,0],[67.197118,25.04082,0],[67.198017,25.039815,0],[67.199831,25.037604,0],[67.204964,25.031724,0],[67.210101,25.025515,0],[67.211099,25.024024,0],[67.211563,25.023331,0],[67.212783,25.021507,0],[67.213886,25.019858,0],[67.213133,25.019065,0],[67.212337,25.018227,0],[67.211256,25.018154,0],[67.218637,25.013755,0],[67.216018,25.009006,0],[67.211408,25.010623,0],[67.210861,25.0099,0],[67.206668,25.009849,0],[67.206658,25.008237,0],[67.20372,25.005245,0],[67.199515,25.001596,0],[67.197774,24.998768,0],[67.19699,24.995916,0],[67.196509,24.99474,0],[67.196102,24.993887,0],[67.195858,24.993561,0],[67.193204,24.98776,0],[67.201872,24.986531,0],[67.201963,24.982501,0],[67.197889,24.978809,0],[67.212385,24.9754,0],[67.21332,24.967409,0],[67.212972,24.966509,0],[67.218666,24.95553,0],[67.223936,24.948874,0],[67.225066,24.945484,0],[67.237161,24.936556,0],[67.234565,24.93492,0],[67.232906,24.93362,0],[67.232126,24.932465,0],[67.231345,24.931404,0],[67.231048,24.930235,0],[67.230929,24.929493,0],[67.230778,24.92855,0],[67.230174,24.925352,0],[67.229671,24.92246,0],[67.228488,24.918896,0],[67.227828,24.916533,0],[67.227794,24.91615,0],[67.227609,24.91585,0],[67.227445,24.915057,0],[67.227093,24.91362,0],[67.227693,24.913417,0],[67.227321,24.912366,0],[67.226608,24.910881,0],[67.22487,24.910445,0],[67.224384,24.910372,0],[67.224147,24.90864,0],[67.22405,24.90808,0],[67.223781,24.907527,0],[67.223368,24.90671,0],[67.223185,24.906419,0],[67.22361,24.906436,0],[67.223657,24.905911,0],[67.224025,24.905384,0],[67.22438,24.905269,0],[67.224857,24.90534,0],[67.225557,24.905355,0],[67.226584,24.904543,0],[67.22701,24.903545,0],[67.227263,24.902861,0],[67.227427,24.902367,0],[67.227427,24.901913,0],[67.227098,24.901103,0],[67.22661,24.899963,0],[67.22622,24.899277,0],[67.225898,24.898915,0],[67.225566,24.898756,0],[67.225444,24.898593,0],[67.225337,24.898281,0],[67.224983,24.897895,0],[67.224558,24.8974,0],[67.224427,24.896915,0],[67.22432,24.896161,0],[67.224197,24.895628,0],[67.223951,24.89544,0],[67.223934,24.895219,0],[67.224097,24.894827,0],[67.224047,24.894199,0],[67.22377,24.892995,0],[67.223469,24.892054,0],[67.223181,24.891603,0],[67.222706,24.890905,0],[67.222146,24.890259,0],[67.220523,24.888818,0],[67.218698,24.887338,0],[67.218242,24.886989,0],[67.21788,24.886698,0],[67.217664,24.886428,0],[67.217376,24.886051,0],[67.217217,24.885438,0],[67.217003,24.885005,0],[67.216437,24.88433,0],[67.21592,24.883865,0],[67.215223,24.883551,0],[67.214689,24.883535,0],[67.213788,24.883543,0],[67.213336,24.883605,0],[67.212816,24.883388,0],[67.211075,24.881371,0],[67.209687,24.878412,0],[67.209642,24.878315,0],[67.208986,24.876587,0],[67.208539,24.874852,0],[67.208953,24.873749,0],[67.209001,24.873348,0],[67.209174,24.872251,0],[67.209211,24.87206,0],[67.209548,24.870307,0],[67.209756,24.867462,0],[67.209836,24.866994,0],[67.204694,24.864831,0],[67.204986,24.864245,0],[67.205624,24.863235,0],[67.205855,24.863553,0],[67.206164,24.863908,0],[67.206538,24.864099,0],[67.206851,24.864203,0],[67.207251,24.864279,0],[67.207636,24.864269,0],[67.208092,24.864189,0],[67.208376,24.864099,0],[67.208633,24.864296,0],[67.209116,24.864588,0],[67.209598,24.864881,0],[67.209927,24.86497,0],[67.210522,24.865071,0],[67.211176,24.864978,0],[67.211617,24.864912,0],[67.212759,24.864646,0],[67.213358,24.864531,0],[67.213789,24.865719,0],[67.214892,24.865467,0],[67.215065,24.866028,0],[67.215592,24.86597,0],[67.215773,24.865943,0],[67.216088,24.865883,0],[67.216648,24.865689,0],[67.216407,24.864962,0],[67.216659,24.864936,0],[67.21698,24.865012,0],[67.218262,24.865464,0],[67.218466,24.865495,0],[67.21858,24.864665,0],[67.218722,24.864617,0],[67.21906,24.864557,0],[67.219034,24.863675,0],[67.218972,24.86247,0],[67.219557,24.862248,0],[67.220771,24.861933,0],[67.221433,24.86179,0],[67.221756,24.861693,0],[67.222677,24.861009,0],[67.223163,24.860652,0],[67.223598,24.860332,0],[67.224209,24.859867,0],[67.224964,24.859735,0],[67.225595,24.859625,0],[67.225454,24.859057,0],[67.225087,24.856724,0],[67.224949,24.854794,0],[67.22824,24.854834,0],[67.230813,24.854837,0],[67.234721,24.854536,0],[67.236666,24.856285,0],[67.237483,24.856294,0],[67.2377,24.856469,0],[67.237703,24.856966,0],[67.237629,24.857806,0],[67.237472,24.858482,0],[67.237478,24.858798,0],[67.238221,24.858854,0],[67.239234,24.859048,0],[67.239336,24.859259,0],[67.239194,24.859678,0],[67.239474,24.859853,0],[67.239655,24.8604,0],[67.241481,24.860221,0],[67.241566,24.86064,0],[67.243091,24.860461,0],[67.245891,24.860934,0],[67.246583,24.860923,0],[67.249629,24.861742,0],[67.250736,24.861984,0],[67.251486,24.862261,0],[67.253139,24.862833,0],[67.259112,24.864881,0],[67.262262,24.865695,0],[67.265487,24.866784,0],[67.268398,24.867886,0],[67.270174,24.868683,0],[67.27123,24.869,0],[67.274423,24.870028,0],[67.275785,24.870468,0],[67.277257,24.871011,0],[67.278162,24.871385,0],[67.278204,24.871619,0],[67.279103,24.871988,0],[67.279474,24.872123,0],[67.280054,24.872503,0],[67.280216,24.872868,0],[67.281131,24.873375,0],[67.281815,24.873937,0],[67.282481,24.875154,0],[67.282619,24.875951,0],[67.283041,24.876128,0],[67.283198,24.877305,0],[67.284151,24.87762,0],[67.286423,24.87918,0],[67.286986,24.879402,0],[67.288869,24.88067,0],[67.290189,24.881832,0],[67.29084,24.882499,0],[67.291727,24.883125,0],[67.292919,24.88395,0],[67.296318,24.884662,0],[67.300125,24.87389,0],[67.300152,24.867082,0],[67.300497,24.865832,0],[67.303469,24.859057,0],[67.30684,24.851869,0],[67.307019,24.848348,0],[67.30622,24.844516,0],[67.304878,24.842172,0],[67.308844,24.834453,0],[67.309869,24.83124,0],[67.310346,24.825034,0],[67.319067,24.809187,0],[67.314615,24.804538,0],[67.315883,24.802701,0],[67.318116,24.802069,0],[67.323805,24.797475,0],[67.333348,24.788325,0],[67.334714,24.788937,0],[67.338227,24.785512,0],[67.330017,24.778194,0],[67.328119,24.778233,0],[67.323321,24.775074,0],[67.323533,24.773882,0],[67.32355,24.772628,0],[67.329902,24.762307,0],[67.333351,24.763659,0],[67.342547,24.77051,0],[67.341613,24.771933,0],[67.34647,24.77557,0],[67.355191,24.773994,0],[67.36152,24.775198,0],[67.361762,24.776754,0],[67.364764,24.777264,0],[67.365887,24.77644,0],[67.36838,24.77587,0],[67.370643,24.777925,0],[67.369892,24.780306,0],[67.371567,24.782295,0],[67.371743,24.78385,0],[67.373683,24.785603,0],[67.375021,24.787121,0],[67.375529,24.787095,0],[67.37564,24.781045,0],[67.37882,24.781162,0],[67.37956,24.781189,0],[67.379719,24.781232,0],[67.379777,24.780029,0],[67.38356,24.78007,0],[67.383443,24.785813,0],[67.386408,24.785002,0],[67.387539,24.784693,0],[67.396054,24.783697,0],[67.39682,24.783667,0],[67.399141,24.784972,0],[67.397806,24.784766,0],[67.399321,24.787497,0],[67.399718,24.788164,0],[67.400817,24.788468,0],[67.401544,24.78867,0],[67.405505,24.789768,0],[67.405522,24.789773,0],[67.407145,24.790223,0],[67.408743,24.789687,0],[67.410199,24.7892,0],[67.411094,24.789069,0],[67.413869,24.788665,0],[67.417644,24.788132,0],[67.419441,24.786813,0],[67.419771,24.786335,0],[67.420294,24.78558,0],[67.42105,24.783677,0],[67.421926,24.783255,0],[67.424736,24.7819,0],[67.425794,24.781051,0],[67.428529,24.779933,0],[67.431267,24.778624,0],[67.43432,24.777222,0],[67.436093,24.777719,0],[67.437342,24.778305,0],[67.439016,24.778323,0],[67.439732,24.779668,0],[67.440975,24.780732,0],[67.443484,24.780949,0],[67.445678,24.781259,0],[67.447865,24.782141,0],[67.447891,24.782701,0],[67.447905,24.783015,0],[67.447947,24.783958,0],[67.446884,24.785285,0],[67.444322,24.785739,0],[67.444352,24.785959,0],[67.441388,24.788604,0],[67.441609,24.789471,0],[67.442365,24.792444,0],[67.442589,24.793322,0],[67.441013,24.796353,0],[67.439833,24.798624,0],[67.439773,24.79874,0],[67.43972,24.799247,0],[67.439669,24.800083,0],[67.439549,24.801623,0],[67.439549,24.801698,0],[67.439549,24.801706,0],[67.439549,24.801872,0],[67.439549,24.802038,0],[67.439549,24.802288,0],[67.439549,24.802399,0],[67.439549,24.802471,0],[67.4399,24.803256,0],[67.439588,24.803577,0],[67.439572,24.80365,0],[67.440039,24.804715,0],[67.439623,24.807371,0],[67.439194,24.810113,0],[67.439061,24.810964,0],[67.438986,24.811441,0],[67.437051,24.816354,0],[67.436911,24.816707,0],[67.436174,24.818578,0],[67.436998,24.82174,0],[67.436778,24.822474,0],[67.435523,24.826646,0],[67.437274,24.830878,0],[67.437657,24.831805,0],[67.437933,24.834889,0],[67.437942,24.835137,0],[67.438148,24.840697,0],[67.43736,24.840927,0],[67.436728,24.842199,0],[67.43642,24.844847,0],[67.436267,24.845308,0],[67.436696,24.845311,0],[67.437809,24.845316,0],[67.438879,24.845335,0],[67.449464,24.845374,0],[67.460733,24.845455,0],[67.461896,24.845457,0],[67.462613,24.845448,0],[67.463716,24.845392,0],[67.464073,24.845372,0],[67.464515,24.845336,0],[67.464834,24.84531,0],[67.465006,24.845295,0],[67.465452,24.845255,0],[67.466163,24.845169,0],[67.466987,24.845056,0],[67.467634,24.844946,0],[67.468307,24.844825,0],[67.469767,24.844521,0],[67.471192,24.844179,0],[67.472146,24.843911,0],[67.472899,24.843674,0],[67.473633,24.843429,0],[67.473886,24.843341,0],[67.47463,24.84307,0],[67.475428,24.842758,0],[67.476689,24.842233,0],[67.477745,24.84172,0],[67.478589,24.841281,0],[67.479575,24.840766,0],[67.48121,24.839777,0],[67.482057,24.839198,0],[67.482487,24.838909,0],[67.483312,24.83831,0],[67.483841,24.837896,0],[67.485061,24.836906,0],[67.486632,24.835466,0],[67.488255,24.833732,0],[67.489251,24.832507,0],[67.490129,24.831334,0],[67.490817,24.830318,0],[67.491522,24.829213,0],[67.492255,24.82796,0],[67.492845,24.826764,0],[67.493298,24.825798,0],[67.493743,24.824717,0],[67.494041,24.82394,0],[67.494564,24.822501,0],[67.494959,24.82146,0],[67.495254,24.820718,0],[67.495662,24.819854,0],[67.496015,24.819166,0],[67.496167,24.818891,0],[67.496309,24.818632,0],[67.496741,24.817913,0],[67.497036,24.817463,0],[67.497422,24.816901,0],[67.497711,24.81653,0],[67.49818,24.815901,0],[67.498574,24.815412,0],[67.498926,24.815012,0],[67.499386,24.814542,0],[67.499895,24.814046,0],[67.50065,24.813347,0],[67.501649,24.812493,0],[67.5026,24.811783,0],[67.503907,24.810832,0],[67.505423,24.809744,0],[67.507774,24.808032,0],[67.509173,24.807014,0],[67.511148,24.805574,0],[67.512506,24.80463,0],[67.513258,24.804141,0],[67.51406,24.803655,0],[67.515332,24.802953,0],[67.516809,24.802224,0],[67.518565,24.80146,0],[67.519633,24.801046,0],[67.520375,24.80077,0],[67.52115,24.800505,0],[67.523119,24.799943,0],[67.524452,24.799563,0],[67.525716,24.799204,0],[67.52724,24.798771,0],[67.529051,24.79826,0],[67.531,24.797707,0],[67.533155,24.797105,0],[67.535195,24.796537,0],[67.537574,24.795868,0],[67.539766,24.795234,0],[67.54164,24.79471,0],[67.543211,24.794254,0],[67.544009,24.794032,0],[67.546676,24.793287,0],[67.549464,24.792494,0],[67.552724,24.791572,0],[67.553599,24.791302,0],[67.555281,24.790734,0],[67.556518,24.790285,0],[67.559002,24.789394,0],[67.560093,24.78906,0],[67.561078,24.788774,0],[67.562045,24.788521,0],[67.563356,24.788236,0],[67.564442,24.788031,0],[67.566175,24.787719,0],[67.567802,24.78743,0],[67.569144,24.787197,0],[67.569685,24.787112,0],[67.570816,24.78697,0],[67.571438,24.786906,0],[67.572529,24.786826,0],[67.573806,24.786762,0],[67.574926,24.786742,0],[67.575812,24.786755,0],[67.577086,24.786799,0],[67.578375,24.786902,0],[67.579431,24.787018,0],[67.580228,24.787121,0],[67.580228,24.787121,0],[67.580572,24.787173,0],[67.581048,24.787258,0],[67.58118,24.787281,0],[67.581799,24.791188,0],[67.577791,24.827387,0],[67.566259,24.848167,0],[67.564364,24.852557,0],[67.552644,24.876472,0],[67.541111,24.906396,0],[67.540431,24.908159,0],[67.540054,24.909138,0],[67.529732,24.955356,0],[67.529603,24.955936,0],[67.529352,24.956639,0],[67.528836,24.958087,0],[67.528644,24.958628,0],[67.528321,24.959535,0],[67.527978,24.960497,0],[67.527959,24.960985,0],[67.527901,24.962437,0],[67.527843,24.96389,0],[67.527801,24.96496,0],[67.527792,24.965342,0],[67.527758,24.966795,0],[67.527723,24.968248,0],[67.527695,24.969452,0],[67.527638,24.9697,0],[67.527509,24.970266,0],[67.527307,24.97115,0],[67.526976,24.9726,0],[67.526645,24.97405,0],[67.526458,24.974868,0],[67.526426,24.975008,0],[67.52635,24.9755,0],[67.526126,24.976951,0],[67.525902,24.978401,0],[67.525785,24.979159,0],[67.526408,24.979093,0],[67.527405,24.978986,0],[67.528403,24.978879,0],[67.529401,24.978773,0],[67.530398,24.978666,0],[67.531396,24.978559,0],[67.532281,24.978465,0],[67.532393,24.978453,0],[67.533391,24.978346,0],[67.534389,24.978239,0],[67.535386,24.978132,0],[67.536384,24.978026,0],[67.537382,24.977919,0],[67.538379,24.977812,0],[67.538528,24.977796,0],[67.539373,24.978088,0],[67.540365,24.978432,0],[67.540698,24.978547,0],[67.541357,24.978775,0],[67.54235,24.979119,0],[67.543184,24.979407,0],[67.542869,24.980022,0],[67.542463,24.980812,0],[67.542329,24.980893,0],[67.541383,24.98146,0],[67.541325,24.981495,0],[67.540322,24.982097,0],[67.539318,24.982699,0],[67.538999,24.98289,0],[67.538314,24.983301,0],[67.538194,24.983373,0],[67.537312,24.983778,0],[67.536585,24.984112,0],[67.536496,24.984318,0],[67.536365,24.984621,0],[67.536305,24.984694,0],[67.536069,24.984981,0],[67.536299,24.985212,0],[67.536358,24.985271,0],[67.536584,24.985685,0],[67.536595,24.985773,0],[67.536752,24.986956,0],[67.53678,24.987227,0],[67.536823,24.987635,0],[67.536903,24.98785,0],[67.536934,24.987934,0],[67.537222,24.988263,0],[67.537259,24.988298,0],[67.537487,24.988518,0],[67.537522,24.988688,0],[67.537542,24.988786,0],[67.537249,24.989101,0],[67.536938,24.989436,0],[67.535248,24.989846,0],[67.534814,24.989951,0],[67.53426,24.990086,0],[67.533796,24.990198,0],[67.533746,24.99021,0],[67.533694,24.990223,0],[67.533531,24.990262,0],[67.533249,24.990331,0],[67.533207,24.990341,0],[67.532883,24.990419,0],[67.532643,24.990478,0],[67.532438,24.990527,0],[67.532062,24.990618,0],[67.531627,24.990724,0],[67.531381,24.990783,0],[67.531322,24.990798,0],[67.531272,24.99081,0],[67.53125,24.990815,0],[67.531246,24.990816,0],[67.531191,24.99083,0],[67.531175,24.990833,0],[67.531164,24.990836,0],[67.530486,24.991,0],[67.530407,24.991019,0],[67.530374,24.991028,0],[67.530359,24.991031,0],[67.529251,24.9913,0],[67.528106,24.991577,0],[67.527984,24.991607,0],[67.527795,24.991653,0],[67.527544,24.991713,0],[67.527361,24.991758,0],[67.527253,24.991784,0],[67.527012,24.991842,0],[67.526791,24.991896,0],[67.526713,24.991915,0],[67.526539,24.991957,0],[67.526492,24.991968,0],[67.52647,24.991974,0],[67.526266,24.992023,0],[67.526255,24.992026,0],[67.525609,24.992182,0],[67.525254,24.992268,0],[67.525078,24.992311,0],[67.524915,24.99235,0],[67.523588,24.992672,0],[67.523394,24.992719,0],[67.523373,24.992724,0],[67.523331,24.992734,0],[67.523323,24.992736,0],[67.52331,24.99274,0],[67.523293,24.992744,0],[67.523255,24.992753,0],[67.523247,24.992755,0],[67.523234,24.992758,0],[67.523229,24.992759,0],[67.523224,24.99276,0],[67.523208,24.992764,0],[67.523197,24.992767,0],[67.523187,24.992769,0],[67.523055,24.992801,0],[67.523041,24.992805,0],[67.523006,24.992813,0],[67.522799,24.992863,0],[67.522342,24.992974,0],[67.522342,24.992976,0],[67.522342,24.992976,0],[67.522338,24.993007,0],[67.522325,24.993131,0],[67.522192,24.994363,0],[67.522162,24.994639,0],[67.522159,24.994663,0],[67.522154,24.994713,0],[67.522153,24.994717,0],[67.522153,24.994718,0],[67.522153,24.99472,0],[67.522153,24.994723,0],[67.522144,24.9948,0],[67.522108,24.995133,0],[67.522096,24.995243,0],[67.522096,24.995245,0],[67.522085,24.995347,0],[67.522072,24.995462,0],[67.522069,24.995495,0],[67.522067,24.995512,0],[67.522065,24.995529,0],[67.522053,24.995637,0],[67.52203,24.995849,0],[67.522023,24.995915,0],[67.521947,24.996623,0],[67.521913,24.996935,0],[67.521902,24.997029,0],[67.521885,24.997187,0],[67.521883,24.997205,0],[67.521883,24.997208,0],[67.521883,24.997209,0],[67.521883,24.99721,0],[67.521882,24.997216,0],[67.521876,24.997277,0],[67.521875,24.997282,0],[67.521867,24.997356,0],[67.52186,24.997417,0],[67.521764,24.998303,0],[67.521756,24.998377,0],[67.521739,24.998541,0],[67.521733,24.998589,0],[67.521733,24.998591,0],[67.521728,24.998642,0],[67.521721,24.998703,0],[67.521718,24.998727,0],[67.521714,24.998765,0],[67.521714,24.998766,0],[67.521714,24.998771,0],[67.521714,24.998772,0],[67.521713,24.99878,0],[67.521712,24.998784,0],[67.521711,24.998795,0],[67.521678,24.999102,0],[67.521645,24.999408,0],[67.521642,24.999435,0],[67.52161,24.999725,0],[67.521606,24.999765,0],[67.521523,25.000531,0],[67.521514,25.000616,0],[67.521512,25.000633,0],[67.521511,25.000639,0],[67.52151,25.000647,0],[67.52151,25.000648,0],[67.521509,25.000663,0],[67.521507,25.000679,0],[67.521505,25.000693,0],[67.521475,25.000975,0],[67.521473,25.000989,0],[67.521424,25.001444,0],[67.521398,25.001679,0],[67.521652,25.003062,0],[67.52192,25.004518,0],[67.522106,25.005531,0],[67.522187,25.005974,0],[67.52243,25.007295,0],[67.523382,25.032436,0],[67.523666,25.039953,0],[67.507519,25.05801,0],[67.507409,25.058137,0],[67.506507,25.059183,0],[67.506177,25.059566,0],[67.506167,25.059578,0],[67.50563,25.060201,0],[67.504925,25.061018,0],[67.504485,25.061529,0],[67.503966,25.062131,0],[67.503662,25.062446,0],[67.50365,25.062459,0],[67.503583,25.062527,0],[67.5028,25.06334,0],[67.502464,25.063688,0],[67.502262,25.063898,0],[67.501511,25.064676,0],[67.501148,25.065053,0],[67.500445,25.065782,0],[67.499486,25.066776,0],[67.499408,25.066857,0],[67.499249,25.067022,0],[67.499157,25.067117,0],[67.499139,25.067136,0],[67.499124,25.067151,0],[67.498704,25.067587,0],[67.498463,25.067837,0],[67.498431,25.06787,0],[67.498201,25.068109,0],[67.497966,25.068352,0],[67.497331,25.06901,0],[67.49671,25.069654,0],[67.496585,25.069783,0],[67.496405,25.06997,0],[67.496059,25.070329,0],[67.494893,25.071538,0],[67.494385,25.072064,0],[67.494245,25.072209,0],[67.494182,25.072275,0],[67.493934,25.072532,0],[67.492671,25.073842,0],[67.492366,25.074158,0],[67.492191,25.074339,0],[67.491158,25.07541,0],[67.490346,25.076252,0],[67.490105,25.076502,0],[67.489866,25.07675,0],[67.489849,25.076767,0],[67.48977,25.076849,0],[67.48939,25.077243,0],[67.489259,25.077379,0],[67.489167,25.077588,0],[67.489065,25.077819,0],[67.488959,25.078058,0],[67.488909,25.078172,0],[67.488928,25.078293,0],[67.488934,25.078338,0],[67.488746,25.079744,0],[67.488553,25.081191,0],[67.488552,25.081196,0],[67.488358,25.082647,0],[67.488342,25.082771,0],[67.488264,25.083352,0],[67.488215,25.083718,0],[67.488164,25.084098,0],[67.48797,25.085549,0],[67.487776,25.087,0],[67.487666,25.087829,0],[67.487524,25.089051,0],[67.487793,25.089508,0],[67.487851,25.089607,0],[67.488028,25.089906,0],[67.488029,25.089909,0],[67.48818,25.090165,0],[67.48818,25.090165,0],[67.488365,25.090479,0],[67.488413,25.09056,0],[67.488729,25.091096,0],[67.488713,25.09128,0],[67.488662,25.091851,0],[67.489207,25.092676,0],[67.489307,25.092828,0],[67.489394,25.092959,0],[67.489984,25.093396,0],[67.489715,25.094104,0],[67.489419,25.094881,0],[67.488115,25.095502,0],[67.48795,25.09558,0],[67.487219,25.095713,0],[67.486522,25.095839,0],[67.486499,25.095848,0],[67.486114,25.095996,0],[67.48411,25.096767,0],[67.483162,25.097132,0],[67.482582,25.097355,0],[67.482104,25.097691,0],[67.481422,25.098171,0],[67.481352,25.0983,0],[67.481213,25.098557,0],[67.481174,25.098629,0],[67.480093,25.100624,0],[67.480073,25.100638,0],[67.478952,25.10144,0],[67.47806,25.102079,0],[67.478044,25.10209,0],[67.476258,25.103368,0],[67.476048,25.103519,0],[67.474986,25.104278,0],[67.474973,25.104306,0],[67.474496,25.105262,0],[67.47403,25.105374,0],[67.472029,25.105856,0],[67.470028,25.106338,0],[67.468027,25.10682,0],[67.466755,25.107127,0],[67.466027,25.107302,0],[67.464026,25.107784,0],[67.462025,25.108266,0],[67.460024,25.108748,0],[67.458023,25.10923,0],[67.456022,25.109712,0],[67.455188,25.109913,0],[67.454021,25.110194,0],[67.45202,25.110676,0],[67.450019,25.111157,0],[67.448018,25.111639,0],[67.447986,25.111647,0],[67.447018,25.11188,0],[67.446017,25.112121,0],[67.445017,25.112362,0],[67.444016,25.112603,0],[67.44362,25.112698,0],[67.443223,25.112794,0],[67.443016,25.11285,0],[67.442024,25.113121,0],[67.440154,25.113808,0],[67.439957,25.113881,0],[67.439863,25.113915,0],[67.439833,25.113927,0],[67.439729,25.113965,0],[67.439326,25.114113,0],[67.43836,25.114419,0],[67.43828,25.114444,0],[67.438051,25.114517,0],[67.437935,25.114553,0],[67.437211,25.114782,0],[67.437119,25.114811,0],[67.437034,25.114838,0],[67.437024,25.114842,0],[67.437006,25.114847,0],[67.436998,25.11485,0],[67.43698,25.114856,0],[67.436919,25.114875,0],[67.436176,25.11511,0],[67.436004,25.115164,0],[67.435849,25.115213,0],[67.435565,25.115303,0],[67.435308,25.115385,0],[67.435157,25.115432,0],[67.435097,25.115451,0],[67.434685,25.115582,0],[67.434091,25.11577,0],[67.434026,25.11579,0],[67.4338,25.115862,0],[67.433503,25.115956,0],[67.433405,25.115987,0],[67.432853,25.116161,0],[67.432406,25.116303,0],[67.432313,25.116332,0],[67.432013,25.116427,0],[67.431204,25.116683,0],[67.430961,25.11676,0],[67.43096,25.11676,0],[67.430795,25.116813,0],[67.430514,25.116901,0],[67.43046,25.116918,0],[67.430234,25.11699,0],[67.430045,25.11705,0],[67.429566,25.117201,0],[67.42907,25.117358,0],[67.429048,25.117365,0],[67.429025,25.117372,0],[67.428988,25.117384,0],[67.428966,25.117391,0],[67.428966,25.117391,0],[67.428822,25.117437,0],[67.427457,25.117868,0],[67.427391,25.117889,0],[67.427297,25.117919,0],[67.427279,25.117925,0],[67.427247,25.117935,0],[67.427231,25.11794,0],[67.427226,25.117942,0],[67.427224,25.117942,0],[67.427214,25.117945,0],[67.426889,25.118048,0],[67.426746,25.118093,0],[67.426016,25.118324,0],[67.425989,25.118333,0],[67.425871,25.11837,0],[67.425736,25.118413,0],[67.425698,25.118425,0],[67.425643,25.118442,0],[67.425634,25.118445,0],[67.424988,25.11865,0],[67.424609,25.11877,0],[67.424514,25.118799,0],[67.424404,25.118834,0],[67.42435,25.118851,0],[67.42433,25.118858,0],[67.42432,25.118861,0],[67.424298,25.118868,0],[67.424281,25.118873,0],[67.424277,25.118875,0],[67.424249,25.118883,0],[67.424155,25.118913,0],[67.424057,25.118944,0],[67.424012,25.118958,0],[67.422676,25.119381,0],[67.4221,25.119563,0],[67.422063,25.119575,0],[67.42204,25.119582,0],[67.422017,25.119589,0],[67.42134,25.119803,0],[67.419745,25.120308,0],[67.419598,25.120354,0],[67.419555,25.120368,0],[67.419545,25.120371,0],[67.419535,25.120374,0],[67.419468,25.120395,0],[67.419383,25.120422,0],[67.4185,25.120702,0],[67.417573,25.120995,0],[67.41721,25.12111,0],[67.417106,25.121143,0],[67.417008,25.121174,0],[67.415762,25.121568,0],[67.414644,25.121921,0],[67.414615,25.12193,0],[67.41455,25.121951,0],[67.414218,25.122056,0],[67.413776,25.122196,0],[67.413609,25.122249,0],[67.413173,25.122386,0],[67.412067,25.122736,0],[67.41188,25.122795,0],[67.411857,25.122803,0],[67.410217,25.123321,0],[67.409976,25.123397,0],[67.409692,25.123487,0],[67.409595,25.123518,0],[67.409583,25.123521,0],[67.409572,25.123525,0],[67.409497,25.123549,0],[67.408076,25.123998,0],[67.407392,25.124214,0],[67.407223,25.124268,0],[67.407097,25.124308,0],[67.407058,25.12432,0],[67.407019,25.124332,0],[67.406607,25.124462,0],[67.406121,25.124616,0],[67.404722,25.125058,0],[67.404618,25.125091,0],[67.404535,25.125118,0],[67.40451,25.125126,0],[67.404497,25.12513,0],[67.404484,25.125134,0],[67.404323,25.125185,0],[67.404284,25.125197,0],[67.402322,25.125817,0],[67.402064,25.125899,0],[67.401984,25.125924,0],[67.401903,25.12595,0],[67.401886,25.125955,0],[67.401881,25.125957,0],[67.400426,25.126417,0],[67.39937,25.12675,0],[67.399287,25.126777,0],[67.399265,25.126784,0],[67.399244,25.12679,0],[67.399203,25.126803,0],[67.398995,25.126869,0],[67.398441,25.127044,0],[67.398355,25.127072,0],[67.397227,25.127428,0],[67.397055,25.127482,0],[67.396803,25.127566,0],[67.396248,25.127737,0],[67.395941,25.127835,0],[67.395921,25.127841,0],[67.394939,25.128151,0],[67.394905,25.128162,0],[67.393945,25.128465,0],[67.393937,25.128468,0],[67.392935,25.128784,0],[67.391942,25.129098,0],[67.391934,25.129101,0],[67.390932,25.129418,0],[67.39046,25.129567,0],[67.389961,25.129724,0],[67.38993,25.129734,0],[67.389373,25.12991,0],[67.388929,25.130051,0],[67.388007,25.130342,0],[67.387927,25.130367,0],[67.386925,25.130684,0],[67.386015,25.130971,0],[67.385923,25.131,0],[67.384922,25.131317,0],[67.38392,25.131633,0],[67.382918,25.13195,0],[67.381916,25.132267,0],[67.38157,25.132376,0],[67.38157,25.132376,0],[67.380915,25.132583,0],[67.379913,25.1329,0],[67.378911,25.133216,0],[67.378297,25.13341,0],[67.378019,25.133498,0],[67.377909,25.133533,0],[67.377125,25.13378,0],[67.376908,25.133849,0],[67.376646,25.133932,0],[67.37645,25.133994,0],[67.375906,25.134166,0],[67.374904,25.134482,0],[67.373902,25.134798,0],[67.3729,25.135115,0],[67.37268,25.135185,0],[67.37268,25.135185,0],[67.371899,25.135431,0],[67.370897,25.135748,0],[67.369895,25.136064,0],[67.369879,25.136069,0],[67.369658,25.136139,0],[67.369593,25.136604,0],[67.369569,25.136778,0],[67.369197,25.137267,0],[67.368878,25.137522,0],[67.368227,25.138042,0],[67.368067,25.138169,0],[67.367869,25.138397,0],[67.366925,25.13948,0],[67.366888,25.139523,0],[67.366856,25.13956,0],[67.36645,25.140026,0],[67.366135,25.140409,0],[67.365844,25.140644,0],[67.365505,25.140918,0],[67.364835,25.141459,0],[67.363826,25.142274,0],[67.363732,25.142351,0],[67.362818,25.14309,0],[67.361958,25.143784,0],[67.361809,25.143905,0],[67.360801,25.14472,0],[67.360184,25.145218,0],[67.359792,25.145535,0],[67.358784,25.14635,0],[67.358411,25.146651,0],[67.357775,25.147165,0],[67.356766,25.14798,0],[67.356637,25.148084,0],[67.355758,25.148795,0],[67.354863,25.149518,0],[67.354749,25.14961,0],[67.353741,25.150425,0],[67.353089,25.150951,0],[67.352732,25.15124,0],[67.352127,25.151728,0],[67.351728,25.151724,0],[67.35073,25.151715,0],[67.350331,25.151711,0],[67.349732,25.151705,0],[67.348735,25.151695,0],[67.348335,25.151691,0],[67.347737,25.151685,0],[67.34674,25.151675,0],[67.34634,25.151671,0],[67.345742,25.151665,0],[67.344744,25.151655,0],[67.344345,25.151651,0],[67.343747,25.151646,0],[67.342749,25.151636,0],[67.34235,25.151632,0],[67.341752,25.151626,0],[67.340754,25.151616,0],[67.340355,25.151612,0],[67.339756,25.151606,0],[67.338759,25.151596,0],[67.338359,25.151592,0],[67.337761,25.151586,0],[67.336764,25.151576,0],[67.336364,25.151572,0],[67.335766,25.151566,0],[67.334768,25.151556,0],[67.334369,25.151552,0],[67.333771,25.151546,0],[67.332773,25.151536,0],[67.332374,25.151532,0],[67.331776,25.151526,0],[67.330778,25.151517,0],[67.330379,25.151513,0],[67.32978,25.151507,0],[67.328783,25.151497,0],[67.328384,25.151493,0],[67.327785,25.151487,0],[67.326788,25.151477,0],[67.326388,25.151473,0],[67.32579,25.151467,0],[67.324793,25.151457,0],[67.324393,25.151453,0],[67.323795,25.151447,0],[67.322797,25.151437,0],[67.322398,25.151433,0],[67.3218,25.151427,0],[67.320802,25.151416,0],[67.320403,25.151412,0],[67.319805,25.151406,0],[67.318807,25.151396,0],[67.318408,25.151392,0],[67.317809,25.151386,0],[67.317451,25.151383,0],[67.316826,25.151359,0],[67.316821,25.151359,0],[67.316737,25.151356,0],[67.316724,25.151356,0],[67.316657,25.151353,0],[67.316594,25.151351,0],[67.316263,25.15137,0],[67.315815,25.151332,0],[67.315801,25.151331,0],[67.315328,25.15129,0],[67.315716,25.151984,0],[67.315794,25.152123,0],[67.315586,25.152404,0],[67.315797,25.152649,0],[67.316082,25.15298,0],[67.316497,25.153445,0],[67.316543,25.153497,0],[67.31631,25.154896,0],[67.316069,25.156347,0],[67.315828,25.157797,0],[67.315717,25.158468,0],[67.315717,25.158468,0],[67.315587,25.159247,0],[67.315346,25.160697,0],[67.315105,25.162148,0],[67.314865,25.163598,0],[67.314629,25.165016,0],[67.314624,25.165048,0],[67.314383,25.166498,0],[67.314232,25.167403,0],[67.313919,25.167946,0],[67.313583,25.168527,0],[67.313084,25.169389,0],[67.312561,25.170295,0],[67.31225,25.170833,0],[67.312082,25.171123,0],[67.311546,25.171476,0],[67.310539,25.172141,0],[67.310353,25.172264,0],[67.309532,25.172806,0],[67.308525,25.173471,0],[67.30819,25.173692,0],[67.307518,25.174136,0],[67.306511,25.174801,0],[67.306027,25.175121,0],[67.305504,25.175466,0],[67.304497,25.176131,0],[67.303863,25.176549,0],[67.30349,25.176796,0],[67.302483,25.17746,0],[67.3017,25.177977,0],[67.301475,25.178125,0],[67.300468,25.17879,0],[67.299537,25.179405,0],[67.299461,25.179455,0],[67.298454,25.18012,0],[67.297447,25.180785,0],[67.297373,25.180833,0],[67.29644,25.18145,0],[67.295432,25.182114,0],[67.29521,25.182261,0],[67.294425,25.182779,0],[67.293418,25.183444,0],[67.293046,25.183689,0],[67.292411,25.184109,0],[67.291403,25.184774,0],[67.290883,25.185117,0],[67.290396,25.185439,0],[67.289389,25.186103,0],[67.288719,25.186545,0],[67.288382,25.186768,0],[67.287374,25.187433,0],[67.286556,25.187973,0],[67.286367,25.188098,0],[67.28536,25.188762,0],[67.285228,25.188849,0],[67.284353,25.189375,0],[67.284312,25.1894,0],[67.283347,25.18998,0],[67.28234,25.190585,0],[67.28194,25.190825,0],[67.281334,25.19119,0],[67.28095,25.191421,0],[67.280926,25.192267,0],[67.280887,25.193719,0],[67.280847,25.195172,0],[67.280807,25.196624,0],[67.280767,25.198077,0],[67.280728,25.199529,0],[67.280688,25.200982,0],[67.280648,25.202434,0],[67.280608,25.203887,0],[67.280569,25.205339,0],[67.280529,25.206792,0],[67.280489,25.208244,0],[67.280477,25.208688,0],[67.280433,25.209696,0],[67.280371,25.211149,0],[67.280308,25.212601,0],[67.280246,25.214053,0],[67.280183,25.215505,0],[67.28012,25.216958,0],[67.280058,25.21841,0],[67.280004,25.219662,0],[67.280122,25.219863,0],[67.280912,25.221213,0],[67.280978,25.221326,0],[67.281835,25.222789,0],[67.281887,25.222878,0],[67.282691,25.224252,0],[67.282862,25.224543,0],[67.283548,25.225715,0],[67.283836,25.226208,0],[67.284404,25.227178,0],[67.284811,25.227873,0],[67.285261,25.228641,0],[67.285786,25.229538,0],[67.286118,25.230104,0],[67.286761,25.231203,0],[67.286974,25.231567,0],[67.287736,25.232868,0],[67.287831,25.23303,0],[67.288688,25.234492,0],[67.288712,25.234533,0],[67.289544,25.235955,0],[67.289687,25.236198,0],[67.290401,25.237418,0],[67.290662,25.237863,0],[67.291258,25.238881,0],[67.291637,25.239528,0],[67.292115,25.240344,0],[67.29238,25.240798,0],[67.292381,25.240799,0],[67.292613,25.241105,0],[67.293146,25.241809,0],[67.294574,25.243693,0],[67.295368,25.24474,0],[67.296535,25.24628,0],[67.29759,25.247672,0],[67.298496,25.248868,0],[67.299811,25.250603,0],[67.300457,25.251455,0],[67.302033,25.253535,0],[67.302418,25.254043,0],[67.304255,25.256466,0],[67.304379,25.25663,0],[67.305415,25.257997,0],[67.305459,25.258055,0],[67.306065,25.258854,0],[67.306341,25.259189,0],[67.306513,25.259398,0],[67.308305,25.261574,0],[67.308929,25.262332,0],[67.309253,25.262726,0],[67.309275,25.262752,0],[67.310269,25.26396,0],[67.310407,25.264127,0],[67.31041,25.264131,0],[67.311273,25.265179,0],[67.311327,25.265244,0],[67.311344,25.265265,0],[67.311348,25.26527,0],[67.312233,25.266345,0],[67.31376,25.268199,0],[67.314198,25.26873,0],[67.316162,25.271115,0],[67.316177,25.271132,0],[67.318127,25.2735,0],[67.318593,25.274066,0],[67.320091,25.275885,0],[67.321009,25.276999,0],[67.322056,25.27827,0],[67.323426,25.279933,0],[67.32396,25.280582,0],[67.324021,25.280655,0],[67.324594,25.281352,0],[67.325694,25.282864,0],[67.325983,25.283262,0],[67.327823,25.285794,0],[67.327943,25.285959,0],[67.328972,25.287375,0],[67.328979,25.287385,0],[67.329463,25.28805,0],[67.329486,25.288082,0],[67.329904,25.288657,0],[67.329953,25.288724,0],[67.331865,25.291355,0],[67.332083,25.291655,0],[67.332333,25.291999,0],[67.332336,25.292004,0],[67.333825,25.294052,0],[67.334212,25.294585,0],[67.334783,25.295369,0],[67.334785,25.295372,0],[67.335507,25.296365,0],[67.335786,25.29675,0],[67.336342,25.297514,0],[67.336479,25.297702,0],[67.337747,25.299448,0],[67.337847,25.299585,0],[67.338472,25.300444,0],[67.339709,25.302145,0],[67.340602,25.303374,0],[67.341176,25.304164,0],[67.34167,25.304843,0],[67.342732,25.306304,0],[67.343631,25.30754,0],[67.344863,25.309234,0],[67.345592,25.310238,0],[67.346528,25.311525,0],[67.346993,25.312164,0],[67.347554,25.312935,0],[67.349123,25.315094,0],[67.349515,25.315633,0],[67.351254,25.318024,0],[67.351477,25.31833,0],[67.352017,25.319073,0],[67.352255,25.319399,0],[67.353465,25.319079,0],[67.354406,25.318831,0],[67.355471,25.318519,0],[67.356945,25.318087,0],[67.357477,25.317931,0],[67.359483,25.317344,0],[67.361489,25.316757,0],[67.363495,25.316169,0],[67.365501,25.315582,0],[67.36684,25.31519,0],[67.367481,25.316968,0],[67.367928,25.318209,0],[67.36898,25.321127,0],[67.369408,25.322313,0],[67.370032,25.324044,0],[67.371083,25.326962,0],[67.371334,25.327658,0],[67.371401,25.327842,0],[67.373305,25.329716,0],[67.373486,25.329894,0],[67.375278,25.331657,0],[67.375761,25.332133,0],[67.37612,25.332829,0],[67.377232,25.334988,0],[67.377625,25.335752,0],[67.37913,25.338674,0],[67.37918,25.33877,0],[67.379235,25.338877,0],[67.381141,25.341562,0],[67.38117,25.341603,0],[67.383103,25.344326,0],[67.383249,25.344532,0],[67.384756,25.346653,0],[67.385065,25.347089,0],[67.385075,25.347103,0],[67.385329,25.34746,0],[67.387027,25.349852,0],[67.387408,25.350389,0],[67.388989,25.352616,0],[67.389488,25.353318,0],[67.390915,25.355328,0],[67.388949,25.356028,0],[67.388944,25.35603,0],[67.388432,25.356212,0],[67.386935,25.356745,0],[67.386642,25.356849,0],[67.385611,25.357216,0],[67.385727,25.358375,0],[67.385708,25.358378,0],[67.385788,25.359089,0],[67.385883,25.359931,0],[67.385607,25.359976,0],[67.385603,25.359976,0],[67.384892,25.360092,0],[67.384094,25.360221,0],[67.384087,25.360222,0],[67.382889,25.360416,0],[67.381976,25.360564,0],[67.381697,25.36195,0],[67.381467,25.363092,0],[67.381424,25.363307,0],[67.381418,25.363336,0],[67.381254,25.364153,0],[67.381247,25.364189,0],[67.381114,25.36485,0],[67.381007,25.365378,0],[67.380898,25.366007,0],[67.380854,25.366262,0],[67.380838,25.366358,0],[67.380809,25.366525,0],[67.380596,25.36775,0],[67.380564,25.367939,0],[67.380355,25.369142,0],[67.380355,25.369145,0],[67.380337,25.369249,0],[67.380314,25.369378,0],[67.380127,25.370457,0],[67.380075,25.37065,0],[67.379808,25.371634,0],[67.379758,25.371821,0],[67.379844,25.372199,0],[67.380153,25.373557,0],[67.380164,25.373607,0],[67.380185,25.373696,0],[67.380306,25.373766,0],[67.380306,25.373766,0],[67.380709,25.373998,0],[67.380832,25.374069,0],[67.380698,25.37482,0],[67.38067,25.374979,0],[67.380696,25.374997,0],[67.381128,25.3753,0],[67.381172,25.375331,0],[67.381267,25.375396,0],[67.382222,25.37527,0],[67.382692,25.375232,0],[67.383352,25.375178,0],[67.383471,25.375169,0],[67.384308,25.376509,0],[67.384666,25.377082,0],[67.386135,25.379435,0],[67.386624,25.380217,0],[67.387429,25.381507,0],[67.387519,25.381651,0],[67.387962,25.382361,0],[67.388581,25.383352,0],[67.389789,25.385287,0],[67.390356,25.386194,0],[67.390541,25.386317,0],[67.392523,25.387633,0],[67.393427,25.388232,0],[67.394505,25.388948,0],[67.396487,25.390264,0],[67.397878,25.391187,0],[67.398469,25.39158,0],[67.400451,25.392895,0],[67.402305,25.394125,0],[67.402307,25.394141,0],[67.402423,25.395001,0],[67.4027,25.397051,0],[67.403093,25.399961,0],[67.403486,25.402872,0],[67.403508,25.403036,0],[67.403509,25.403043,0],[67.403879,25.405782,0],[67.404048,25.407032,0],[67.404962,25.412298,0],[67.405173,25.413518,0],[67.406506,25.421196,0],[67.407269,25.425194,0],[67.408021,25.428989,0],[67.409687,25.437403,0],[67.416455,25.440892,0],[67.418686,25.44338,0],[67.424286,25.449623,0],[67.425563,25.456636,0],[67.4255,25.457186,0],[67.424583,25.465225,0],[67.423516,25.474363,0],[67.420552,25.479805,0],[67.419364,25.481986,0],[67.412832,25.49177,0],[67.41072,25.494935,0],[67.410656,25.496037,0],[67.410242,25.503242,0],[67.410032,25.507158,0],[67.410017,25.508327,0],[67.409909,25.516524,0],[67.409842,25.521607,0],[67.409755,25.52183,0],[67.409656,25.522082,0],[67.409089,25.523529,0],[67.408719,25.524475,0],[67.408523,25.524975,0],[67.407956,25.526422,0],[67.407683,25.527119,0],[67.407389,25.527869,0],[67.406823,25.529316,0],[67.406647,25.529764,0],[67.406256,25.530763,0],[67.405802,25.531922,0],[67.405724,25.53221,0],[67.405609,25.532633,0],[67.40533,25.533658,0],[67.404936,25.535107,0],[67.404556,25.536501,0],[67.404542,25.536556,0],[67.404148,25.538004,0],[67.403754,25.539453,0],[67.403504,25.540369,0],[67.403359,25.540902,0],[67.402965,25.54235,0],[67.402571,25.543799,0],[67.402452,25.544237,0],[67.402177,25.545248,0],[67.401942,25.546111,0],[67.40181,25.546697,0],[67.401484,25.548146,0],[67.401394,25.548546,0],[67.401158,25.549595,0],[67.400831,25.551045,0],[67.400505,25.552494,0],[67.40033,25.55327,0],[67.400178,25.553944,0],[67.399852,25.555393,0],[67.399526,25.556842,0],[67.399266,25.557993,0],[67.399199,25.558292,0],[67.399163,25.558454,0],[67.398949,25.559742,0],[67.398707,25.561192,0],[67.398466,25.562643,0],[67.398225,25.564093,0],[67.398181,25.564362,0],[67.398066,25.565053,0],[67.398014,25.565543,0],[67.397862,25.566995,0],[67.397711,25.568446,0],[67.397559,25.569897,0],[67.397407,25.571349,0],[67.397255,25.5728,0],[67.397103,25.574251,0],[67.39704,25.574853,0],[67.397018,25.575062,0],[67.396951,25.575702,0],[67.396799,25.577154,0],[67.396715,25.577958,0],[67.396709,25.578013,0],[67.396647,25.578605,0],[67.396526,25.579758,0],[67.396516,25.579857,0],[67.396495,25.580056,0],[67.396438,25.580595,0],[67.396278,25.581507,0],[67.396152,25.58222,0],[67.39614,25.582289,0],[67.396023,25.582957,0],[67.395923,25.583524,0],[67.395767,25.584407,0],[67.395659,25.585023,0],[67.395651,25.58507,0],[67.395512,25.585857,0],[67.395257,25.587307,0],[67.395002,25.588757,0],[67.394839,25.589678,0],[67.394746,25.590208,0],[67.39472,25.590358,0],[67.394703,25.590456,0],[67.394491,25.591658,0],[67.394236,25.593108,0],[67.39398,25.594558,0],[67.393965,25.594647,0],[67.393954,25.594708,0],[67.393931,25.594839,0],[67.3938,25.596009,0],[67.393747,25.596482,0],[67.393638,25.59746,0],[67.393476,25.598911,0],[67.393314,25.600362,0],[67.393285,25.600619,0],[67.393277,25.600693,0],[67.393219,25.601211,0],[67.393213,25.601258,0],[67.393151,25.601814,0],[67.393071,25.602536,0],[67.393043,25.602787,0],[67.392989,25.603265,0],[67.392827,25.604716,0],[67.392784,25.605099,0],[67.392846,25.606169,0],[67.392907,25.607217,0],[67.392913,25.607314,0],[67.392931,25.607623,0],[67.393015,25.609077,0],[67.3931,25.610531,0],[67.393104,25.61061,0],[67.393184,25.611984,0],[67.393269,25.613438,0],[67.393353,25.614892,0],[67.393438,25.616346,0],[67.393473,25.616963,0],[67.393522,25.6178,0],[67.393574,25.618701,0],[67.393445,25.619084,0],[67.393389,25.619251,0],[67.3929,25.620699,0],[67.392411,25.622146,0],[67.392402,25.622174,0],[67.391923,25.623594,0],[67.391434,25.625042,0],[67.391359,25.625263,0],[67.390945,25.626489,0],[67.390456,25.627937,0],[67.390382,25.628158,0],[67.390313,25.628563,0],[67.390174,25.629386,0],[67.389929,25.630837,0],[67.389684,25.632287,0],[67.389534,25.633176,0],[67.3895,25.633379,0],[67.389439,25.633737,0],[67.389225,25.635004,0],[67.389194,25.635187,0],[67.388949,25.636638,0],[67.388704,25.638088,0],[67.388472,25.639459,0],[67.388463,25.639538,0],[67.388291,25.640989,0],[67.388124,25.642406,0],[67.38812,25.64244,0],[67.387948,25.643891,0],[67.387777,25.645342,0],[67.387697,25.646015,0],[67.387588,25.646793,0],[67.387384,25.648244,0]],[[67.146202,25.204711,0],[67.14688,25.205312,0],[67.145785,25.204341,0],[67.146202,25.204711,0]],[[67.187786,25.147133,0],[67.187927,25.147415,0],[67.187752,25.147051,0],[67.187786,25.147133,0]],[[67.123092,25.134985,0],[67.123092,25.134985,0],[67.123092,25.134964,0],[67.123092,25.134985,0]],[[67.409942,25.002524,0],[67.409942,25.002524,0],[67.409917,25.002443,0],[67.409942,25.002524,0]]]},"properties":{"name":"Gadap Town","description":{"@type":"html","value":"<html xmlns:fo=\"http://www.w3.org/1999/XSL/Format\" xmlns:msxsl=\"urn:schemas-microsoft-com:xslt\">\n\n<head>\n\n<META http-equiv=\"Content-Type\" content=\"text/html\">\n\n<meta http-equiv=\"content-type\" content=\"text/html; charset=UTF-8\">\n\n</head>\n\n<body style=\"margin:0px 0px 0px 0px;overflow:auto;background:#FFFFFF;\">\n\n<table style=\"font-family:Arial,Verdana,Times;font-size:12px;text-align:left;width:100%;border-collapse:collapse;padding:3px 3px 3px 3px\">\n\n<tr style=\"text-align:center;font-weight:bold;background:#9CBCE2\">\n\n<td>Gadap Town</td>\n\n</tr>\n\n<tr>\n\n<td>\n\n<table style=\"font-family:Arial,Verdana,Times;font-size:12px;text-align:left;width:100%;border-spacing:0px; padding:3px 3px 3px 3px\">\n\n<tr>\n\n<td>FID</td>\n\n<td>3</td>\n\n</tr>\n\n<tr bgcolor=\"#D4E4F3\">\n\n<td>name</td>\n\n<td>Gadap Town</td>\n\n</tr>\n\n</table>\n\n</td>\n\n</tr>\n\n</table>\n\n</body><script type=\"text/javascript\">\n\n\t\t\t\tfunction changeImage(attElement, nameElement) {\n\n\t\t\t\tdocument.getElementById('imageAttachment').src = attElement;\n\n\t\t\t\tdocument.getElementById('imageName').innerHTML = nameElement;}\n\n\t\t\t</script></html>\n\n"},"styleUrl":"#PolyStyle00","fill-opacity":0,"fill":"#cae4fc","stroke-opacity":1,"stroke":"#000000","stroke-width":0.7,"label-opacity":0,"label-color":"#000000","label-scale":0},"id":"ID_00003"},{"type":"Feature","geometry":{"type":"Polygon","coordinates":[[[67.088964,24.965947,0],[67.086515,24.965868,0],[67.079583,24.965416,0],[67.079681,24.964599,0],[67.0795,24.964081,0],[67.079305,24.963491,0],[67.077826,24.960519,0],[67.076196,24.957202,0],[67.075999,24.957136,0],[67.075648,24.957018,0],[67.075308,24.956355,0],[67.075185,24.956143,0],[67.0751,24.955888,0],[67.075096,24.955454,0],[67.074857,24.955016,0],[67.074725,24.954766,0],[67.074723,24.954517,0],[67.07482,24.954385,0],[67.075282,24.953946,0],[67.075448,24.953729,0],[67.07541,24.95349,0],[67.07512,24.953276,0],[67.074873,24.952952,0],[67.074711,24.952625,0],[67.074739,24.952492,0],[67.075313,24.951964,0],[67.075404,24.951827,0],[67.075369,24.951717,0],[67.075,24.951535,0],[67.074579,24.951339,0],[67.074304,24.951125,0],[67.073716,24.950544,0],[67.073493,24.950385,0],[67.072985,24.950023,0],[67.072275,24.949866,0],[67.071911,24.94968,0],[67.071709,24.949223,0],[67.071435,24.948962,0],[67.071194,24.948997,0],[67.070963,24.949008,0],[67.070672,24.948809,0],[67.070347,24.948489,0],[67.070153,24.9482,0],[67.070109,24.947984,0],[67.07006,24.947425,0],[67.06963,24.947094,0],[67.069206,24.946778,0],[67.068868,24.946583,0],[67.068554,24.94624,0],[67.068225,24.945825,0],[67.067943,24.945257,0],[67.067905,24.94518,0],[67.067164,24.943938,0],[67.066991,24.94364,0],[67.066731,24.943531,0],[67.066406,24.943508,0],[67.066101,24.943576,0],[67.065807,24.943629,0],[67.065301,24.943116,0],[67.064705,24.942712,0],[67.064316,24.942501,0],[67.063781,24.94248,0],[67.063195,24.942473,0],[67.063007,24.942408,0],[67.062731,24.942333,0],[67.062545,24.942144,0],[67.062155,24.941618,0],[67.061827,24.941117,0],[67.061825,24.940969,0],[67.061929,24.940631,0],[67.062059,24.940026,0],[67.062073,24.939487,0],[67.061984,24.939127,0],[67.06162,24.938989,0],[67.061249,24.938893,0],[67.060806,24.938773,0],[67.060578,24.938617,0],[67.060443,24.938496,0],[67.06002,24.937783,0],[67.059873,24.937481,0],[67.059634,24.93699,0],[67.059371,24.936413,0],[67.059158,24.936238,0],[67.05894,24.936135,0],[67.058684,24.936117,0],[67.058315,24.936251,0],[67.057236,24.936552,0],[67.056977,24.936595,0],[67.056915,24.936606,0],[67.056492,24.936528,0],[67.056217,24.936448,0],[67.0562,24.936443,0],[67.056151,24.936343,0],[67.056078,24.936193,0],[67.056046,24.935949,0],[67.056155,24.935674,0],[67.056341,24.93548,0],[67.056528,24.935249,0],[67.056669,24.934949,0],[67.056704,24.934701,0],[67.056618,24.934557,0],[67.056483,24.934455,0],[67.056363,24.934401,0],[67.056233,24.934375,0],[67.056112,24.934388,0],[67.055897,24.934404,0],[67.055647,24.934301,0],[67.055429,24.934202,0],[67.055274,24.934019,0],[67.055161,24.933874,0],[67.055106,24.933706,0],[67.055068,24.933476,0],[67.055059,24.933022,0],[67.055079,24.932779,0],[67.054999,24.932553,0],[67.054804,24.932264,0],[67.054682,24.932048,0],[67.054659,24.931832,0],[67.054644,24.931436,0],[67.054597,24.931115,0],[67.054553,24.930909,0],[67.054383,24.930725,0],[67.053785,24.930445,0],[67.053354,24.930201,0],[67.053187,24.930141,0],[67.05281,24.929482,0],[67.052646,24.929226,0],[67.052476,24.929076,0],[67.05223,24.92903,0],[67.051942,24.929026,0],[67.051695,24.929061,0],[67.051544,24.929016,0],[67.051525,24.928988,0],[67.051419,24.928826,0],[67.051334,24.928445,0],[67.051262,24.92805,0],[67.051188,24.927762,0],[67.051124,24.927575,0],[67.051151,24.927382,0],[67.051131,24.927117,0],[67.051116,24.926866,0],[67.051013,24.926631,0],[67.050732,24.926524,0],[67.050466,24.92642,0],[67.05013,24.926326,0],[67.049939,24.926209,0],[67.049777,24.926035,0],[67.04969,24.925826,0],[67.049684,24.925675,0],[67.049759,24.925422,0],[67.04958,24.925101,0],[67.049306,24.924749,0],[67.048813,24.924596,0],[67.048403,24.924465,0],[67.048083,24.924343,0],[67.047779,24.924185,0],[67.047484,24.923934,0],[67.047321,24.923639,0],[67.049408,24.922202,0],[67.050688,24.921244,0],[67.053622,24.918545,0],[67.052682,24.917408,0],[67.052049,24.916647,0],[67.051697,24.91604,0],[67.051606,24.91586,0],[67.051922,24.915649,0],[67.0561,24.912859,0],[67.057743,24.911791,0],[67.061856,24.909071,0],[67.062718,24.908546,0],[67.064482,24.907472,0],[67.064932,24.908345,0],[67.065795,24.909445,0],[67.06696,24.910313,0],[67.067684,24.910724,0],[67.069719,24.911261,0],[67.073107,24.912155,0],[67.076738,24.913105,0],[67.077424,24.913486,0],[67.078035,24.914118,0],[67.078455,24.914868,0],[67.078862,24.916648,0],[67.0795,24.919439,0],[67.079957,24.92235,0],[67.080233,24.923481,0],[67.080618,24.924327,0],[67.081152,24.925041,0],[67.081945,24.92584,0],[67.081977,24.925873,0],[67.083246,24.92652,0],[67.08489,24.927248,0],[67.086887,24.92821,0],[67.087823,24.928834,0],[67.088816,24.929496,0],[67.089902,24.931096,0],[67.090354,24.933032,0],[67.090523,24.937047,0],[67.090208,24.938457,0],[67.090207,24.93846,0],[67.089306,24.941235,0],[67.088303,24.943745,0],[67.086987,24.94577,0],[67.08614,24.946371,0],[67.085008,24.947742,0],[67.084278,24.948812,0],[67.084236,24.949547,0],[67.084429,24.950563,0],[67.0848,24.951666,0],[67.085403,24.952696,0],[67.085598,24.952957,0],[67.085633,24.953387,0],[67.085629,24.954295,0],[67.085348,24.955524,0],[67.08519,24.958321,0],[67.085245,24.958819,0],[67.085382,24.959413,0],[67.08575,24.960019,0],[67.086762,24.961007,0],[67.087816,24.961976,0],[67.088495,24.962816,0],[67.088947,24.963385,0],[67.089464,24.963898,0],[67.090163,24.964777,0],[67.090434,24.965535,0],[67.090445,24.965918,0],[67.088992,24.96584,0],[67.088964,24.965947,0]]]},"properties":{"name":"Gulberg Town","description":{"@type":"html","value":"<html xmlns:fo=\"http://www.w3.org/1999/XSL/Format\" xmlns:msxsl=\"urn:schemas-microsoft-com:xslt\">\n\n<head>\n\n<META http-equiv=\"Content-Type\" content=\"text/html\">\n\n<meta http-equiv=\"content-type\" content=\"text/html; charset=UTF-8\">\n\n</head>\n\n<body style=\"margin:0px 0px 0px 0px;overflow:auto;background:#FFFFFF;\">\n\n<table style=\"font-family:Arial,Verdana,Times;font-size:12px;text-align:left;width:100%;border-collapse:collapse;padding:3px 3px 3px 3px\">\n\n<tr style=\"text-align:center;font-weight:bold;background:#9CBCE2\">\n\n<td>Gulberg Town</td>\n\n</tr>\n\n<tr>\n\n<td>\n\n<table style=\"font-family:Arial,Verdana,Times;font-size:12px;text-align:left;width:100%;border-spacing:0px; padding:3px 3px 3px 3px\">\n\n<tr>\n\n<td>FID</td>\n\n<td>4</td>\n\n</tr>\n\n<tr bgcolor=\"#D4E4F3\">\n\n<td>name</td>\n\n<td>Gulberg Town</td>\n\n</tr>\n\n</table>\n\n</td>\n\n</tr>\n\n</table>\n\n</body><script type=\"text/javascript\">\n\n\t\t\t\tfunction changeImage(attElement, nameElement) {\n\n\t\t\t\tdocument.getElementById('imageAttachment').src = attElement;\n\n\t\t\t\tdocument.getElementById('imageName').innerHTML = nameElement;}\n\n\t\t\t</script></html>\n\n"},"styleUrl":"#PolyStyle00","fill-opacity":0,"fill":"#cae4fc","stroke-opacity":1,"stroke":"#000000","stroke-width":0.7,"label-opacity":0,"label-color":"#000000","label-scale":0},"id":"ID_00004"},{"type":"Feature","geometry":{"type":"Polygon","coordinates":[[[67.125703,24.951935,0],[67.12633,24.952639,0],[67.121534,24.956807,0],[67.120335,24.955574,0],[67.1185,24.953681,0],[67.117734,24.953079,0],[67.112455,24.94877,0],[67.10968,24.946537,0],[67.106018,24.950255,0],[67.096911,24.942801,0],[67.097487,24.942121,0],[67.096257,24.941723,0],[67.095482,24.941636,0],[67.094582,24.941587,0],[67.094249,24.941449,0],[67.093824,24.941128,0],[67.093671,24.940887,0],[67.093474,24.940693,0],[67.093193,24.940613,0],[67.093047,24.940583,0],[67.093029,24.940334,0],[67.092844,24.94015,0],[67.092823,24.940112,0],[67.092575,24.939898,0],[67.092359,24.939638,0],[67.092206,24.939378,0],[67.091968,24.939193,0],[67.091584,24.938949,0],[67.091189,24.938696,0],[67.090751,24.938576,0],[67.090207,24.93846,0],[67.090208,24.938457,0],[67.090523,24.937047,0],[67.090354,24.933032,0],[67.089902,24.931096,0],[67.088816,24.929496,0],[67.087823,24.928834,0],[67.086887,24.92821,0],[67.08489,24.927248,0],[67.083246,24.92652,0],[67.081977,24.925873,0],[67.081945,24.92584,0],[67.081152,24.925041,0],[67.080618,24.924327,0],[67.080233,24.923481,0],[67.079957,24.92235,0],[67.0795,24.919439,0],[67.078862,24.916648,0],[67.078455,24.914868,0],[67.078035,24.914118,0],[67.077424,24.913486,0],[67.076738,24.913105,0],[67.073107,24.912155,0],[67.069719,24.911261,0],[67.067684,24.910724,0],[67.06696,24.910313,0],[67.065795,24.909445,0],[67.064932,24.908345,0],[67.064482,24.907472,0],[67.064166,24.906716,0],[67.063669,24.905525,0],[67.062129,24.901838,0],[67.061188,24.900022,0],[67.06062,24.899578,0],[67.06049,24.899476,0],[67.059752,24.898984,0],[67.059686,24.89894,0],[67.058658,24.898656,0],[67.059508,24.898378,0],[67.059652,24.898338,0],[67.059903,24.898228,0],[67.059984,24.898067,0],[67.060035,24.897734,0],[67.06005,24.897626,0],[67.060255,24.897486,0],[67.060477,24.8971,0],[67.060593,24.896803,0],[67.060603,24.896559,0],[67.060565,24.896469,0],[67.060581,24.896296,0],[67.06059,24.896146,0],[67.060469,24.895948,0],[67.060074,24.895482,0],[67.059929,24.895558,0],[67.058944,24.894488,0],[67.057911,24.893149,0],[67.057129,24.892082,0],[67.056602,24.891442,0],[67.056721,24.89136,0],[67.060088,24.889178,0],[67.062583,24.891902,0],[67.065437,24.895319,0],[67.066661,24.896565,0],[67.069823,24.89872,0],[67.073141,24.900892,0],[67.074328,24.900046,0],[67.076597,24.898428,0],[67.079364,24.896482,0],[67.081608,24.8919,0],[67.08429,24.892902,0],[67.082168,24.89807,0],[67.083281,24.898061,0],[67.084265,24.897106,0],[67.08471,24.897124,0],[67.08623,24.897012,0],[67.086686,24.897161,0],[67.086742,24.89724,0],[67.086815,24.897606,0],[67.087021,24.897996,0],[67.087182,24.898227,0],[67.087172,24.898363,0],[67.086928,24.89894,0],[67.086921,24.899363,0],[67.087018,24.899687,0],[67.087133,24.899882,0],[67.088144,24.899558,0],[67.088467,24.899469,0],[67.089051,24.899319,0],[67.089453,24.899216,0],[67.089557,24.899132,0],[67.089672,24.898302,0],[67.091341,24.898029,0],[67.092135,24.898004,0],[67.092575,24.900342,0],[67.093315,24.900237,0],[67.093555,24.901974,0],[67.094373,24.90197,0],[67.094701,24.902089,0],[67.095439,24.903145,0],[67.095366,24.903803,0],[67.095982,24.903581,0],[67.096171,24.901477,0],[67.096319,24.901063,0],[67.097462,24.901365,0],[67.097583,24.900749,0],[67.095961,24.899992,0],[67.097278,24.897401,0],[67.097524,24.897089,0],[67.098237,24.89705,0],[67.098897,24.897068,0],[67.099224,24.896881,0],[67.099352,24.896739,0],[67.100426,24.897087,0],[67.100959,24.897171,0],[67.102137,24.897539,0],[67.103962,24.89805,0],[67.104938,24.898635,0],[67.105446,24.899005,0],[67.10586,24.899287,0],[67.10659,24.899516,0],[67.10716,24.899763,0],[67.104478,24.902153,0],[67.104279,24.902294,0],[67.108758,24.904023,0],[67.108767,24.905134,0],[67.107045,24.90553,0],[67.108406,24.907774,0],[67.108173,24.908034,0],[67.108723,24.908746,0],[67.100512,24.915045,0],[67.099854,24.91555,0],[67.096944,24.917777,0],[67.103443,24.922618,0],[67.103802,24.922886,0],[67.105923,24.924632,0],[67.10727,24.925605,0],[67.109971,24.927058,0],[67.109998,24.927073,0],[67.11228,24.928017,0],[67.112914,24.92828,0],[67.12054,24.93153,0],[67.12294,24.932181,0],[67.128732,24.933735,0],[67.133324,24.934709,0],[67.132488,24.939824,0],[67.132004,24.940635,0],[67.128752,24.946771,0],[67.127341,24.949386,0],[67.126293,24.951326,0],[67.126122,24.951253,0],[67.125703,24.951935,0]]]},"properties":{"name":"Gulshan e Iqbal Town","description":{"@type":"html","value":"<html xmlns:fo=\"http://www.w3.org/1999/XSL/Format\" xmlns:msxsl=\"urn:schemas-microsoft-com:xslt\">\n\n<head>\n\n<META http-equiv=\"Content-Type\" content=\"text/html\">\n\n<meta http-equiv=\"content-type\" content=\"text/html; charset=UTF-8\">\n\n</head>\n\n<body style=\"margin:0px 0px 0px 0px;overflow:auto;background:#FFFFFF;\">\n\n<table style=\"font-family:Arial,Verdana,Times;font-size:12px;text-align:left;width:100%;border-collapse:collapse;padding:3px 3px 3px 3px\">\n\n<tr style=\"text-align:center;font-weight:bold;background:#9CBCE2\">\n\n<td>Gulshan e Iqbal Town</td>\n\n</tr>\n\n<tr>\n\n<td>\n\n<table style=\"font-family:Arial,Verdana,Times;font-size:12px;text-align:left;width:100%;border-spacing:0px; padding:3px 3px 3px 3px\">\n\n<tr>\n\n<td>FID</td>\n\n<td>5</td>\n\n</tr>\n\n<tr bgcolor=\"#D4E4F3\">\n\n<td>name</td>\n\n<td>Gulshan e Iqbal Town</td>\n\n</tr>\n\n</table>\n\n</td>\n\n</tr>\n\n</table>\n\n</body><script type=\"text/javascript\">\n\n\t\t\t\tfunction changeImage(attElement, nameElement) {\n\n\t\t\t\tdocument.getElementById('imageAttachment').src = attElement;\n\n\t\t\t\tdocument.getElementById('imageName').innerHTML = nameElement;}\n\n\t\t\t</script></html>\n\n"},"styleUrl":"#PolyStyle00","fill-opacity":0,"fill":"#cae4fc","stroke-opacity":1,"stroke":"#000000","stroke-width":0.7,"label-opacity":0,"label-color":"#000000","label-scale":0},"id":"ID_00005"},{"type":"Feature","geometry":{"type":"Polygon","coordinates":[[[67.300497,24.865832,0],[67.300152,24.867082,0],[67.300125,24.87389,0],[67.296318,24.884662,0],[67.292919,24.88395,0],[67.291727,24.883125,0],[67.29084,24.882499,0],[67.290189,24.881832,0],[67.288869,24.88067,0],[67.286986,24.879402,0],[67.286423,24.87918,0],[67.284151,24.87762,0],[67.283198,24.877305,0],[67.283041,24.876128,0],[67.282619,24.875951,0],[67.282481,24.875154,0],[67.281815,24.873937,0],[67.281131,24.873375,0],[67.280216,24.872868,0],[67.280054,24.872503,0],[67.279474,24.872123,0],[67.279103,24.871988,0],[67.278204,24.871619,0],[67.278162,24.871385,0],[67.277257,24.871011,0],[67.275785,24.870468,0],[67.274423,24.870028,0],[67.27123,24.869,0],[67.270174,24.868683,0],[67.268398,24.867886,0],[67.265487,24.866784,0],[67.262262,24.865695,0],[67.259112,24.864881,0],[67.253139,24.862833,0],[67.251486,24.862261,0],[67.250736,24.861984,0],[67.249629,24.861742,0],[67.246583,24.860923,0],[67.245891,24.860934,0],[67.243091,24.860461,0],[67.241566,24.86064,0],[67.241481,24.860221,0],[67.239655,24.8604,0],[67.239474,24.859853,0],[67.239194,24.859678,0],[67.239336,24.859259,0],[67.239234,24.859048,0],[67.238221,24.858854,0],[67.237478,24.858798,0],[67.237472,24.858482,0],[67.237629,24.857806,0],[67.237703,24.856966,0],[67.2377,24.856469,0],[67.237483,24.856294,0],[67.236666,24.856285,0],[67.234721,24.854536,0],[67.236616,24.854389,0],[67.239699,24.854096,0],[67.241097,24.854113,0],[67.243607,24.854343,0],[67.246667,24.853433,0],[67.247313,24.853283,0],[67.248054,24.853119,0],[67.248634,24.853155,0],[67.249136,24.853232,0],[67.250184,24.853574,0],[67.253715,24.85492,0],[67.258554,24.855966,0],[67.258644,24.849531,0],[67.258625,24.843801,0],[67.260902,24.843818,0],[67.264842,24.84381,0],[67.264872,24.843099,0],[67.264943,24.842706,0],[67.264832,24.842657,0],[67.264877,24.840806,0],[67.265013,24.838562,0],[67.265088,24.836527,0],[67.264113,24.836497,0],[67.264108,24.834503,0],[67.258794,24.834489,0],[67.258719,24.836596,0],[67.25336,24.836569,0],[67.250257,24.836628,0],[67.250162,24.836667,0],[67.249756,24.836832,0],[67.246479,24.836839,0],[67.245941,24.836841,0],[67.241007,24.836783,0],[67.234264,24.836784,0],[67.228916,24.836757,0],[67.226261,24.836818,0],[67.225315,24.83708,0],[67.223014,24.837081,0],[67.221827,24.837203,0],[67.218058,24.837717,0],[67.216176,24.837939,0],[67.214691,24.838114,0],[67.212047,24.838477,0],[67.20438,24.839513,0],[67.205262,24.835732,0],[67.205271,24.835696,0],[67.206417,24.831107,0],[67.198478,24.829629,0],[67.198183,24.829574,0],[67.19803,24.829678,0],[67.195771,24.829125,0],[67.198359,24.827173,0],[67.199296,24.826492,0],[67.194672,24.821544,0],[67.193519,24.820164,0],[67.191828,24.819087,0],[67.184517,24.824517,0],[67.184719,24.823592,0],[67.184443,24.823493,0],[67.184527,24.823107,0],[67.182857,24.822758,0],[67.183226,24.82119,0],[67.182965,24.82112,0],[67.183147,24.820468,0],[67.182724,24.820391,0],[67.182746,24.819971,0],[67.182668,24.819956,0],[67.182655,24.81975,0],[67.182572,24.819739,0],[67.182518,24.819471,0],[67.18246,24.819475,0],[67.182448,24.819246,0],[67.182385,24.819245,0],[67.182277,24.819139,0],[67.182295,24.819,0],[67.182238,24.818938,0],[67.182279,24.818618,0],[67.182081,24.818573,0],[67.18235,24.818195,0],[67.18234,24.817968,0],[67.181867,24.816362,0],[67.181739,24.816133,0],[67.180904,24.815956,0],[67.180525,24.815055,0],[67.180116,24.814346,0],[67.179842,24.814318,0],[67.179088,24.812195,0],[67.178202,24.81013,0],[67.177988,24.810118,0],[67.177948,24.809863,0],[67.17712,24.809842,0],[67.177024,24.810017,0],[67.175076,24.809785,0],[67.169106,24.808967,0],[67.166084,24.808375,0],[67.164809,24.808109,0],[67.160641,24.806431,0],[67.158418,24.805436,0],[67.157356,24.805043,0],[67.156025,24.804769,0],[67.155156,24.804636,0],[67.151494,24.803824,0],[67.149827,24.803488,0],[67.146578,24.802875,0],[67.146367,24.80281,0],[67.144983,24.80221,0],[67.144216,24.801694,0],[67.143942,24.802541,0],[67.143676,24.801993,0],[67.138576,24.801647,0],[67.137259,24.802576,0],[67.136131,24.801358,0],[67.135477,24.800949,0],[67.134729,24.80061,0],[67.133903,24.800213,0],[67.134305,24.79953,0],[67.13515,24.798695,0],[67.135828,24.797428,0],[67.136584,24.793123,0],[67.137148,24.793187,0],[67.137422,24.791643,0],[67.136941,24.790204,0],[67.136272,24.789808,0],[67.136211,24.789664,0],[67.136104,24.789477,0],[67.13612,24.788445,0],[67.136689,24.788194,0],[67.137877,24.78851,0],[67.138382,24.787255,0],[67.139318,24.786621,0],[67.139697,24.78499,0],[67.140697,24.784601,0],[67.141729,24.783515,0],[67.142234,24.783321,0],[67.142284,24.783475,0],[67.140978,24.78472,0],[67.140746,24.78487,0],[67.140492,24.785038,0],[67.140107,24.785626,0],[67.140233,24.785599,0],[67.140356,24.785763,0],[67.140247,24.786039,0],[67.140554,24.786511,0],[67.141779,24.785083,0],[67.141978,24.785038,0],[67.142093,24.785097,0],[67.141741,24.785484,0],[67.1418,24.785733,0],[67.142186,24.785824,0],[67.142388,24.785635,0],[67.142548,24.785418,0],[67.14305,24.784774,0],[67.143349,24.784386,0],[67.143673,24.784371,0],[67.143754,24.784553,0],[67.143044,24.785166,0],[67.142489,24.785885,0],[67.14131,24.787046,0],[67.14136,24.787209,0],[67.141514,24.787373,0],[67.141396,24.78762,0],[67.141413,24.787869,0],[67.141191,24.787971,0],[67.141156,24.788228,0],[67.141697,24.788436,0],[67.141921,24.788171,0],[67.142076,24.788297,0],[67.141631,24.788703,0],[67.14172,24.789019,0],[67.141551,24.78916,0],[67.141442,24.789417,0],[67.14163,24.789457,0],[67.141553,24.789714,0],[67.141783,24.789689,0],[67.141955,24.789433,0],[67.142216,24.789426,0],[67.142957,24.788165,0],[67.143104,24.788167,0],[67.143227,24.788331,0],[67.142676,24.78947,0],[67.143082,24.789657,0],[67.143126,24.789486,0],[67.143273,24.789449,0],[67.144069,24.78729,0],[67.144021,24.787051,0],[67.144217,24.786508,0],[67.144594,24.786523,0],[67.144901,24.786297,0],[67.145106,24.78587,0],[67.145303,24.785949,0],[67.145076,24.786462,0],[67.14493,24.7871,0],[67.144632,24.787431,0],[67.14421,24.78841,0],[67.143955,24.788674,0],[67.143142,24.790537,0],[67.143255,24.790691,0],[67.143695,24.790658,0],[67.143954,24.790814,0],[67.144406,24.790008,0],[67.144543,24.789914,0],[67.144742,24.789228,0],[67.144909,24.789221,0],[67.145013,24.789318,0],[67.144592,24.790134,0],[67.144819,24.790376,0],[67.14454,24.79086,0],[67.144819,24.791093,0],[67.14506,24.791057,0],[67.145594,24.789621,0],[67.145898,24.789596,0],[67.146388,24.789058,0],[67.146559,24.788783,0],[67.146656,24.788631,0],[67.146989,24.788043,0],[67.147167,24.788036,0],[67.147002,24.788578,0],[67.146776,24.789005,0],[67.146679,24.789186,0],[67.146593,24.789328,0],[67.146054,24.789684,0],[67.145842,24.790561,0],[67.14534,24.791252,0],[67.145746,24.79141,0],[67.14576,24.79184,0],[67.146125,24.791223,0],[67.146377,24.79115,0],[67.147684,24.789131,0],[67.147584,24.788843,0],[67.147701,24.788711,0],[67.148077,24.788763,0],[67.148126,24.789003,0],[67.147937,24.789058,0],[67.146456,24.791524,0],[67.146432,24.791686,0],[67.146702,24.791861,0],[67.146758,24.792301,0],[67.146913,24.792418,0],[67.147312,24.792375,0],[67.147634,24.792542,0],[67.147557,24.79277,0],[67.147649,24.792914,0],[67.148132,24.792787,0],[67.148715,24.790921,0],[67.148923,24.790991,0],[67.148519,24.792132,0],[67.14863,24.792382,0],[67.149443,24.792631,0],[67.149434,24.793223,0],[67.150141,24.793595,0],[67.150231,24.793825,0],[67.149995,24.794224,0],[67.14974,24.794488,0],[67.149052,24.794986,0],[67.151288,24.797403,0],[67.152583,24.799024,0],[67.153376,24.799874,0],[67.153956,24.801028,0],[67.159255,24.802966,0],[67.160372,24.803161,0],[67.163295,24.803742,0],[67.165909,24.804653,0],[67.170574,24.806287,0],[67.171887,24.806704,0],[67.173003,24.806976,0],[67.173787,24.807091,0],[67.174341,24.807136,0],[67.175262,24.807166,0],[67.175839,24.807077,0],[67.178802,24.80633,0],[67.17924,24.806383,0],[67.183816,24.80706,0],[67.18387,24.80707,0],[67.186332,24.807511,0],[67.186614,24.807533,0],[67.191554,24.805424,0],[67.192441,24.8049,0],[67.192732,24.803604,0],[67.193185,24.803437,0],[67.194399,24.803461,0],[67.194729,24.803762,0],[67.195366,24.803913,0],[67.19594,24.804015,0],[67.196296,24.804019,0],[67.196972,24.80437,0],[67.197427,24.804796,0],[67.201841,24.815207,0],[67.202276,24.81548,0],[67.203659,24.815401,0],[67.205101,24.811271,0],[67.206785,24.812094,0],[67.207096,24.810856,0],[67.211381,24.811346,0],[67.211718,24.811236,0],[67.211933,24.810837,0],[67.212161,24.810954,0],[67.212602,24.810902,0],[67.212986,24.810353,0],[67.213454,24.8099,0],[67.213706,24.809807,0],[67.217176,24.811683,0],[67.217859,24.812226,0],[67.220503,24.81329,0],[67.224554,24.812574,0],[67.225018,24.812331,0],[67.225823,24.81171,0],[67.226243,24.8116,0],[67.22802,24.811793,0],[67.229487,24.811657,0],[67.230195,24.811991,0],[67.23145,24.812025,0],[67.231682,24.811932,0],[67.231874,24.811647,0],[67.234756,24.812178,0],[67.23557,24.812379,0],[67.236346,24.812293,0],[67.237372,24.812286,0],[67.237991,24.812905,0],[67.240396,24.813143,0],[67.241959,24.812149,0],[67.242252,24.812152,0],[67.243173,24.813673,0],[67.246666,24.815453,0],[67.249086,24.816073,0],[67.24902,24.816264,0],[67.24916,24.816724,0],[67.249665,24.816596,0],[67.249897,24.816446,0],[67.25011,24.8162,0],[67.249949,24.81574,0],[67.249911,24.815491,0],[67.250805,24.815902,0],[67.252129,24.817065,0],[67.252288,24.817152,0],[67.252378,24.817201,0],[67.253181,24.816714,0],[67.25329,24.816371,0],[67.261108,24.812812,0],[67.260954,24.811874,0],[67.261345,24.810827,0],[67.26129,24.810311,0],[67.261462,24.80993,0],[67.262161,24.809384,0],[67.261444,24.808248,0],[67.262012,24.808045,0],[67.262381,24.808642,0],[67.263496,24.808215,0],[67.263747,24.808218,0],[67.264027,24.807667,0],[67.264326,24.807288,0],[67.264538,24.8071,0],[67.264416,24.80685,0],[67.264692,24.806566,0],[67.265046,24.806647,0],[67.26536,24.80665,0],[67.265933,24.80616,0],[67.266726,24.806303,0],[67.266693,24.807201,0],[67.267008,24.807147,0],[67.267974,24.806891,0],[67.269291,24.807059,0],[67.269769,24.808469,0],[67.270079,24.808731,0],[67.270583,24.809754,0],[67.270878,24.809973,0],[67.271436,24.80942,0],[67.272536,24.808172,0],[67.272884,24.808018,0],[67.27466,24.807924,0],[67.275785,24.808324,0],[67.27632,24.808201,0],[67.277035,24.80765,0],[67.279333,24.809497,0],[67.279663,24.809501,0],[67.280949,24.808498,0],[67.282149,24.807981,0],[67.282637,24.80793,0],[67.283018,24.807604,0],[67.283163,24.807377,0],[67.28306,24.806859,0],[67.28308,24.806544,0],[67.283711,24.806351,0],[67.28407,24.80647,0],[67.283909,24.806798,0],[67.284046,24.807071,0],[67.284884,24.807841,0],[67.286195,24.8084,0],[67.289434,24.80924,0],[67.29132,24.810236,0],[67.291703,24.810986,0],[67.29385,24.812458,0],[67.297026,24.813311,0],[67.297308,24.813329,0],[67.30076,24.811247,0],[67.303263,24.810774,0],[67.303375,24.810632,0],[67.303201,24.809598,0],[67.30268,24.808617,0],[67.303356,24.808596,0],[67.303778,24.808744,0],[67.304025,24.809019,0],[67.304176,24.809465,0],[67.305159,24.81111,0],[67.305642,24.81136,0],[67.306756,24.811444,0],[67.307483,24.811137,0],[67.309298,24.809294,0],[67.312177,24.807693,0],[67.31291,24.806912,0],[67.314615,24.804538,0],[67.319067,24.809187,0],[67.310346,24.825034,0],[67.309869,24.83124,0],[67.308844,24.834453,0],[67.304878,24.842172,0],[67.306045,24.84421,0],[67.30622,24.844516,0],[67.307019,24.848348,0],[67.30684,24.851869,0],[67.303469,24.859057,0],[67.300497,24.865832,0]]]},"properties":{"name":"Ibrahim Hyderi Town","description":{"@type":"html","value":"<html xmlns:fo=\"http://www.w3.org/1999/XSL/Format\" xmlns:msxsl=\"urn:schemas-microsoft-com:xslt\">\n\n<head>\n\n<META http-equiv=\"Content-Type\" content=\"text/html\">\n\n<meta http-equiv=\"content-type\" content=\"text/html; charset=UTF-8\">\n\n</head>\n\n<body style=\"margin:0px 0px 0px 0px;overflow:auto;background:#FFFFFF;\">\n\n<table style=\"font-family:Arial,Verdana,Times;font-size:12px;text-align:left;width:100%;border-collapse:collapse;padding:3px 3px 3px 3px\">\n\n<tr style=\"text-align:center;font-weight:bold;background:#9CBCE2\">\n\n<td>Ibrahim Hyderi Town</td>\n\n</tr>\n\n<tr>\n\n<td>\n\n<table style=\"font-family:Arial,Verdana,Times;font-size:12px;text-align:left;width:100%;border-spacing:0px; padding:3px 3px 3px 3px\">\n\n<tr>\n\n<td>FID</td>\n\n<td>6</td>\n\n</tr>\n\n<tr bgcolor=\"#D4E4F3\">\n\n<td>name</td>\n\n<td>Ibrahim Hyderi Town</td>\n\n</tr>\n\n</table>\n\n</td>\n\n</tr>\n\n</table>\n\n</body><script type=\"text/javascript\">\n\n\t\t\t\tfunction changeImage(attElement, nameElement) {\n\n\t\t\t\tdocument.getElementById('imageAttachment').src = attElement;\n\n\t\t\t\tdocument.getElementById('imageName').innerHTML = nameElement;}\n\n\t\t\t</script></html>\n\n"},"styleUrl":"#PolyStyle00","fill-opacity":0,"fill":"#cae4fc","stroke-opacity":1,"stroke":"#000000","stroke-width":0.7,"label-opacity":0,"label-color":"#000000","label-scale":0},"id":"ID_00006"},{"type":"Feature","geometry":{"type":"Polygon","coordinates":[[[67.078775,24.891022,0],[67.079927,24.891194,0],[67.081608,24.8919,0],[67.079364,24.896482,0],[67.076597,24.898428,0],[67.074328,24.900046,0],[67.073141,24.900892,0],[67.069823,24.89872,0],[67.066661,24.896565,0],[67.065437,24.895319,0],[67.062583,24.891902,0],[67.060088,24.889178,0],[67.056721,24.89136,0],[67.056602,24.891442,0],[67.057129,24.892082,0],[67.057911,24.893149,0],[67.058944,24.894488,0],[67.059929,24.895558,0],[67.060074,24.895482,0],[67.060469,24.895948,0],[67.06059,24.896146,0],[67.060581,24.896296,0],[67.060565,24.896469,0],[67.060603,24.896559,0],[67.060593,24.896803,0],[67.060477,24.8971,0],[67.060255,24.897486,0],[67.06005,24.897626,0],[67.060035,24.897734,0],[67.059984,24.898067,0],[67.059903,24.898228,0],[67.059652,24.898338,0],[67.059508,24.898378,0],[67.058658,24.898656,0],[67.056934,24.89818,0],[67.056466,24.89805,0],[67.052125,24.896811,0],[67.050811,24.896227,0],[67.049745,24.895753,0],[67.046353,24.894144,0],[67.045132,24.893507,0],[67.043816,24.893119,0],[67.043632,24.893126,0],[67.040292,24.89324,0],[67.03923,24.893322,0],[67.037423,24.892906,0],[67.036722,24.892538,0],[67.035814,24.891977,0],[67.03471,24.891303,0],[67.03403,24.890883,0],[67.033542,24.89059,0],[67.033106,24.890398,0],[67.032322,24.89024,0],[67.031465,24.890098,0],[67.03075,24.88998,0],[67.02976,24.889681,0],[67.029065,24.889558,0],[67.027911,24.88925,0],[67.026351,24.888549,0],[67.02385,24.885428,0],[67.021628,24.883884,0],[67.02356,24.879795,0],[67.02314,24.879197,0],[67.022516,24.878281,0],[67.022266,24.877886,0],[67.020902,24.875737,0],[67.022443,24.873649,0],[67.023641,24.874128,0],[67.024676,24.874529,0],[67.025536,24.874793,0],[67.025865,24.874845,0],[67.026094,24.874289,0],[67.026322,24.873772,0],[67.026585,24.873412,0],[67.027071,24.872798,0],[67.027529,24.872942,0],[67.027816,24.873056,0],[67.028173,24.873319,0],[67.028561,24.87362,0],[67.028596,24.873697,0],[67.028645,24.874223,0],[67.028966,24.873821,0],[67.029094,24.873684,0],[67.028709,24.872547,0],[67.028531,24.872177,0],[67.030339,24.870782,0],[67.031841,24.869531,0],[67.030763,24.868786,0],[67.029992,24.868207,0],[67.029883,24.868148,0],[67.030924,24.866251,0],[67.031781,24.864743,0],[67.031195,24.864363,0],[67.032289,24.863355,0],[67.032901,24.86279,0],[67.032753,24.862525,0],[67.033319,24.862136,0],[67.033736,24.862266,0],[67.034189,24.862425,0],[67.03459,24.862578,0],[67.034773,24.862614,0],[67.03496,24.862678,0],[67.03541,24.862723,0],[67.035974,24.862467,0],[67.037704,24.862992,0],[67.038001,24.863067,0],[67.038107,24.863092,0],[67.039128,24.86333,0],[67.039467,24.861457,0],[67.041007,24.861401,0],[67.041962,24.861304,0],[67.042297,24.86128,0],[67.042523,24.861184,0],[67.044477,24.860548,0],[67.047371,24.859774,0],[67.047511,24.859841,0],[67.048176,24.859978,0],[67.048625,24.859898,0],[67.048919,24.85973,0],[67.049404,24.859342,0],[67.04981,24.858996,0],[67.05021,24.858529,0],[67.051577,24.859019,0],[67.051559,24.861155,0],[67.049808,24.861132,0],[67.049822,24.862596,0],[67.049752,24.86276,0],[67.049955,24.862863,0],[67.049691,24.863157,0],[67.049479,24.863641,0],[67.049266,24.86415,0],[67.049206,24.864663,0],[67.049591,24.864728,0],[67.049494,24.865103,0],[67.049118,24.866495,0],[67.048701,24.86432,0],[67.048629,24.864307,0],[67.048386,24.864364,0],[67.048243,24.864302,0],[67.048048,24.86421,0],[67.047871,24.864232,0],[67.047661,24.864247,0],[67.047452,24.864244,0],[67.047328,24.864242,0],[67.047353,24.864732,0],[67.047334,24.865055,0],[67.047254,24.865229,0],[67.047233,24.865274,0],[67.047152,24.865411,0],[67.046974,24.865528,0],[67.047244,24.866618,0],[67.0474,24.867576,0],[67.047905,24.870377,0],[67.047667,24.870577,0],[67.047758,24.870949,0],[67.047863,24.871379,0],[67.048589,24.872703,0],[67.049432,24.87318,0],[67.050889,24.875492,0],[67.05461,24.881106,0],[67.056898,24.884659,0],[67.063482,24.880612,0],[67.067946,24.877756,0],[67.070398,24.876187,0],[67.071747,24.875321,0],[67.076976,24.873238,0],[67.078045,24.872727,0],[67.078864,24.872224,0],[67.07945,24.871598,0],[67.081665,24.868856,0],[67.083236,24.866992,0],[67.083906,24.866197,0],[67.085956,24.867358,0],[67.088235,24.868564,0],[67.0915,24.870343,0],[67.095623,24.872522,0],[67.096598,24.873018,0],[67.09631,24.873868,0],[67.096014,24.875196,0],[67.095823,24.875749,0],[67.09479,24.877348,0],[67.093853,24.878686,0],[67.092441,24.880668,0],[67.091143,24.882521,0],[67.089991,24.884178,0],[67.089141,24.885404,0],[67.08726,24.888108,0],[67.086974,24.887944,0],[67.086646,24.887575,0],[67.086506,24.887346,0],[67.086328,24.886992,0],[67.086062,24.885573,0],[67.085896,24.885248,0],[67.085397,24.884742,0],[67.084962,24.88509,0],[67.084632,24.885421,0],[67.084282,24.885914,0],[67.083778,24.885754,0],[67.083339,24.885676,0],[67.083167,24.886616,0],[67.083398,24.886687,0],[67.083257,24.886922,0],[67.083066,24.887041,0],[67.082602,24.887047,0],[67.082022,24.886968,0],[67.081337,24.887067,0],[67.079775,24.887505,0],[67.079936,24.887787,0],[67.079945,24.888203,0],[67.079012,24.888911,0],[67.078775,24.891022,0]]]},"properties":{"name":"Jinnah Town","description":{"@type":"html","value":"<html xmlns:fo=\"http://www.w3.org/1999/XSL/Format\" xmlns:msxsl=\"urn:schemas-microsoft-com:xslt\">\n\n<head>\n\n<META http-equiv=\"Content-Type\" content=\"text/html\">\n\n<meta http-equiv=\"content-type\" content=\"text/html; charset=UTF-8\">\n\n</head>\n\n<body style=\"margin:0px 0px 0px 0px;overflow:auto;background:#FFFFFF;\">\n\n<table style=\"font-family:Arial,Verdana,Times;font-size:12px;text-align:left;width:100%;border-collapse:collapse;padding:3px 3px 3px 3px\">\n\n<tr style=\"text-align:center;font-weight:bold;background:#9CBCE2\">\n\n<td>Jinnah Town</td>\n\n</tr>\n\n<tr>\n\n<td>\n\n<table style=\"font-family:Arial,Verdana,Times;font-size:12px;text-align:left;width:100%;border-spacing:0px; padding:3px 3px 3px 3px\">\n\n<tr>\n\n<td>FID</td>\n\n<td>7</td>\n\n</tr>\n\n<tr bgcolor=\"#D4E4F3\">\n\n<td>name</td>\n\n<td>Jinnah Town</td>\n\n</tr>\n\n</table>\n\n</td>\n\n</tr>\n\n</table>\n\n</body><script type=\"text/javascript\">\n\n\t\t\t\tfunction changeImage(attElement, nameElement) {\n\n\t\t\t\tdocument.getElementById('imageAttachment').src = attElement;\n\n\t\t\t\tdocument.getElementById('imageName').innerHTML = nameElement;}\n\n\t\t\t</script></html>\n\n"},"styleUrl":"#PolyStyle00","fill-opacity":0,"fill":"#cae4fc","stroke-opacity":1,"stroke":"#000000","stroke-width":0.7,"label-opacity":0,"label-color":"#000000","label-scale":0},"id":"ID_00007"},{"type":"Feature","geometry":{"type":"GeometryCollection","geometries":[{"type":"Polygon","coordinates":[[[66.967964,24.804362,0],[66.967761,24.80476,0],[66.967581,24.805209,0],[66.967497,24.80553,0],[66.967374,24.806374,0],[66.96735,24.806833,0],[66.967339,24.808008,0],[66.966618,24.807933,0],[66.966422,24.806505,0],[66.966296,24.80603,0],[66.966239,24.805671,0],[66.96618,24.805427,0],[66.965397,24.805337,0],[66.965216,24.805328,0],[66.965154,24.804811,0],[66.965336,24.804226,0],[66.966301,24.804253,0],[66.966443,24.804205,0],[66.967425,24.804161,0],[66.967964,24.804362,0]]]},{"type":"Polygon","coordinates":[[[66.963839,24.819894,0],[66.963401,24.820246,0],[66.962914,24.820407,0],[66.962472,24.820257,0],[66.962108,24.820085,0],[66.961915,24.819892,0],[66.961547,24.820006,0],[66.961556,24.819457,0],[66.960849,24.819459,0],[66.960847,24.81879,0],[66.961553,24.818824,0],[66.961907,24.818781,0],[66.962056,24.818508,0],[66.962448,24.818502,0],[66.96245,24.81837,0],[66.962403,24.818083,0],[66.962639,24.818015,0],[66.962579,24.817703,0],[66.962409,24.817689,0],[66.962203,24.817519,0],[66.962661,24.817513,0],[66.962623,24.817429,0],[66.962428,24.817343,0],[66.961985,24.817217,0],[66.961622,24.817045,0],[66.961428,24.816875,0],[66.961379,24.816708,0],[66.961566,24.816447,0],[66.9617,24.816246,0],[66.961899,24.816058,0],[66.961994,24.81588,0],[66.962076,24.815678,0],[66.962106,24.815428,0],[66.962057,24.815224,0],[66.961958,24.8149,0],[66.962092,24.814687,0],[66.963005,24.81489,0],[66.963592,24.81497,0],[66.963754,24.815486,0],[66.963346,24.8156,0],[66.963265,24.815754,0],[66.963366,24.815982,0],[66.963666,24.81607,0],[66.963992,24.816146,0],[66.964174,24.816984,0],[66.964463,24.816929,0],[66.964614,24.817301,0],[66.964771,24.818079,0],[66.964496,24.818912,0],[66.964542,24.819306,0],[66.964744,24.819775,0],[66.964242,24.820043,0],[66.963985,24.819776,0],[66.963839,24.819894,0]]]},{"type":"Polygon","coordinates":[[[66.963215,24.825349,0],[66.962789,24.825487,0],[66.962346,24.825682,0],[66.962016,24.825691,0],[66.961833,24.825345,0],[66.9613,24.82528,0],[66.960749,24.825387,0],[66.960217,24.82528,0],[66.960061,24.825206,0],[66.959553,24.825529,0],[66.959397,24.825469,0],[66.959372,24.825096,0],[66.959159,24.824635,0],[66.958709,24.824342,0],[66.958663,24.824241,0],[66.958859,24.8238,0],[66.958988,24.823601,0],[66.959099,24.823559,0],[66.959413,24.823564,0],[66.959617,24.823566,0],[66.959791,24.823468,0],[66.960077,24.823272,0],[66.959619,24.822491,0],[66.959322,24.822373,0],[66.959815,24.822021,0],[66.960633,24.821903,0],[66.96112,24.821881,0],[66.961696,24.822205,0],[66.962193,24.82257,0],[66.962654,24.823163,0],[66.963174,24.824002,0],[66.963339,24.824477,0],[66.963362,24.824993,0],[66.963215,24.825349,0]]]},{"type":"Polygon","coordinates":[[[66.985109,24.827527,0],[66.985215,24.827729,0],[66.985065,24.828271,0],[66.984697,24.828682,0],[66.985739,24.830315,0],[66.984486,24.831058,0],[66.984246,24.831327,0],[66.986698,24.835086,0],[66.986595,24.835658,0],[66.986478,24.836044,0],[66.986566,24.836475,0],[66.986451,24.83676,0],[66.987314,24.837775,0],[66.988965,24.840563,0],[66.989106,24.840608,0],[66.989507,24.841086,0],[66.989062,24.84141,0],[66.988714,24.841505,0],[66.988243,24.841528,0],[66.986938,24.841097,0],[66.985525,24.840631,0],[66.985035,24.839822,0],[66.984385,24.83924,0],[66.983788,24.838732,0],[66.982309,24.837604,0],[66.980734,24.835261,0],[66.978838,24.83214,0],[66.976809,24.828797,0],[66.974792,24.82534,0],[66.973318,24.823265,0],[66.97393,24.822958,0],[66.973541,24.821797,0],[66.974667,24.82144,0],[66.974511,24.820759,0],[66.974097,24.819798,0],[66.974061,24.818785,0],[66.974057,24.818412,0],[66.974334,24.81747,0],[66.975683,24.817565,0],[66.975812,24.816669,0],[66.975555,24.815786,0],[66.974929,24.815004,0],[66.976459,24.814862,0],[66.978353,24.809298,0],[66.979582,24.809687,0],[66.979652,24.809278,0],[66.979918,24.809606,0],[66.980883,24.810804,0],[66.982734,24.812214,0],[66.984917,24.813791,0],[66.985662,24.814327,0],[66.986434,24.814471,0],[66.987962,24.81453,0],[66.991073,24.8144,0],[66.991808,24.814257,0],[66.992273,24.813948,0],[66.993002,24.813575,0],[66.993527,24.813449,0],[66.993872,24.81351,0],[66.994107,24.815157,0],[66.994321,24.817472,0],[66.994467,24.818783,0],[66.994671,24.82041,0],[66.995401,24.820313,0],[67.001625,24.819385,0],[67.002106,24.819313,0],[67.00541,24.818942,0],[67.006306,24.818854,0],[67.007454,24.818783,0],[67.008628,24.819014,0],[67.01053,24.819841,0],[67.011124,24.820036,0],[67.012105,24.820522,0],[67.014429,24.821527,0],[67.015678,24.822017,0],[67.016549,24.82253,0],[67.017448,24.82323,0],[67.017129,24.823598,0],[67.016741,24.823278,0],[67.016393,24.823416,0],[67.015709,24.823006,0],[67.015361,24.823173,0],[67.014858,24.823181,0],[67.014581,24.823822,0],[67.013764,24.823869,0],[67.013664,24.823222,0],[67.013221,24.823431,0],[67.013388,24.823763,0],[67.012308,24.824537,0],[67.010849,24.823486,0],[67.010516,24.823682,0],[67.009668,24.823671,0],[67.009301,24.824067,0],[67.008957,24.824923,0],[67.008795,24.825264,0],[67.008788,24.825694,0],[67.008859,24.826154,0],[67.008667,24.826395,0],[67.008365,24.826591,0],[67.007971,24.826672,0],[67.007969,24.826801,0],[67.007607,24.826868,0],[67.007421,24.826694,0],[67.006745,24.826756,0],[67.006589,24.826711,0],[67.006389,24.826436,0],[67.006125,24.825272,0],[67.005685,24.82528,0],[67.00565,24.825509,0],[67.005471,24.825879,0],[67.005203,24.825976,0],[67.004732,24.82597,0],[67.004341,24.825893,0],[67.004179,24.826206,0],[67.003952,24.826633,0],[67.003334,24.826997,0],[67.003374,24.827399,0],[67.003186,24.827397,0],[67.00248,24.82733,0],[67.002477,24.827516,0],[67.002304,24.827542,0],[67.002233,24.827097,0],[67.002098,24.826694,0],[67.001612,24.82663,0],[67.001387,24.826928,0],[67.001443,24.827359,0],[67.001239,24.827385,0],[67.001117,24.827168,0],[67.000812,24.827551,0],[67.000508,24.827877,0],[67.00023,24.827586,0],[67.000012,24.827469,0],[66.999482,24.827275,0],[66.998855,24.82721,0],[66.998725,24.82748,0],[66.998426,24.827505,0],[66.998272,24.827316,0],[66.997392,24.827319,0],[66.995838,24.827298,0],[66.995835,24.827484,0],[66.995659,24.827683,0],[66.995285,24.827688,0],[66.995156,24.82769,0],[66.99505,24.82746,0],[66.994768,24.827441,0],[66.994757,24.82714,0],[66.994062,24.827375,0],[66.993683,24.827542,0],[66.993274,24.827579,0],[66.993293,24.827336,0],[66.992126,24.827678,0],[66.991129,24.828138,0],[66.990266,24.828126,0],[66.990244,24.827524,0],[66.990123,24.827207,0],[66.9901,24.826691,0],[66.989584,24.826541,0],[66.989416,24.827255,0],[66.988694,24.827245,0],[66.988171,24.827525,0],[66.987639,24.827417,0],[66.987679,24.827862,0],[66.98717,24.828214,0],[66.986773,24.828509,0],[66.986225,24.828416,0],[66.986159,24.827627,0],[66.985691,24.82742,0],[66.985411,24.827258,0],[66.985321,24.827028,0],[66.98499,24.827081,0],[66.984682,24.826704,0],[66.983828,24.827108,0],[66.984011,24.82744,0],[66.984592,24.827419,0],[66.985109,24.827527,0]]]},{"type":"Polygon","coordinates":[[[66.92486,24.844076,0],[66.925776,24.845617,0],[66.925893,24.846503,0],[66.925333,24.847068,0],[66.92449,24.847415,0],[66.923654,24.847331,0],[66.922374,24.84717,0],[66.921779,24.846732,0],[66.922012,24.845326,0],[66.918976,24.843755,0],[66.91842,24.84413,0],[66.917721,24.843642,0],[66.917361,24.843255,0],[66.916907,24.843798,0],[66.915937,24.84388,0],[66.915416,24.843753,0],[66.915433,24.84275,0],[66.916194,24.842618,0],[66.91638,24.842453,0],[66.915789,24.8418,0],[66.916532,24.841213,0],[66.917086,24.840958,0],[66.91767,24.840465,0],[66.919259,24.840917,0],[66.919857,24.841164,0],[66.921134,24.841492,0],[66.922122,24.841864,0],[66.92401,24.843228,0],[66.92486,24.844076,0]]]},{"type":"Polygon","coordinates":[[[66.911956,25.0134,0],[66.911116,25.013505,0],[66.911093,25.013507,0],[66.910116,25.01366,0],[66.909117,25.013815,0],[66.908118,25.013971,0],[66.907119,25.014127,0],[66.90612,25.014282,0],[66.905188,25.014428,0],[66.905121,25.014438,0],[66.904511,25.014533,0],[66.904122,25.014594,0],[66.904077,25.014601,0],[66.903125,25.014612,0],[66.902128,25.014624,0],[66.901132,25.014635,0],[66.900135,25.014647,0],[66.899138,25.014659,0],[66.898228,25.014669,0],[66.898142,25.01466,0],[66.897147,25.014551,0],[66.896153,25.014442,0],[66.895865,25.014411,0],[66.895158,25.014333,0],[66.894164,25.014225,0],[66.893169,25.014116,0],[66.892996,25.014097,0],[66.892701,25.014064,0],[66.892492,25.014041,0],[66.892349,25.013896,0],[66.892339,25.013886,0],[66.892056,25.013598,0],[66.891776,25.013313,0],[66.889794,25.011297,0],[66.889536,25.011035,0],[66.889376,25.010872,0],[66.889223,25.010716,0],[66.889185,25.010666,0],[66.888889,25.010277,0],[66.888683,25.010005,0],[66.888034,25.009855,0],[66.886292,25.00945,0],[66.886269,25.009445,0],[66.886052,25.009395,0],[66.885924,25.009424,0],[66.885786,25.009456,0],[66.885386,25.009549,0],[66.88443,25.009771,0],[66.883799,25.009917,0],[66.882132,25.009655,0],[66.881881,25.00965,0],[66.881695,25.00961,0],[66.880922,25.009523,0],[66.88068,25.009548,0],[66.880453,25.009374,0],[66.879641,25.009452,0],[66.878559,25.00947,0],[66.878317,25.009485,0],[66.877829,25.009515,0],[66.877242,25.009543,0],[66.877134,25.009549,0],[66.877093,25.009529,0],[66.877015,25.009491,0],[66.876869,25.009525,0],[66.876633,25.009741,0],[66.87438,25.009702,0],[66.874276,25.009688,0],[66.871907,25.009357,0],[66.870505,25.009161,0],[66.867407,25.008203,0],[66.866279,25.007854,0],[66.865982,25.007763,0],[66.864182,25.007234,0],[66.863391,25.00686,0],[66.863391,25.00686,0],[66.860907,25.005854,0],[66.856511,25.003861,0],[66.85648,25.003847,0],[66.855628,25.003461,0],[66.855413,25.003271,0],[66.855115,25.003007,0],[66.855016,25.002919,0],[66.853928,25.001957,0],[66.853049,25.001179,0],[66.851134,24.999663,0],[66.85002,24.99834,0],[66.849687,24.997944,0],[66.849628,24.997874,0],[66.849576,24.997813,0],[66.849515,24.99774,0],[66.849281,24.997462,0],[66.847874,24.995898,0],[66.847806,24.995843,0],[66.847796,24.995834,0],[66.847725,24.995777,0],[66.84786,24.995703,0],[66.848016,24.995651,0],[66.847897,24.995604,0],[66.847804,24.995567,0],[66.845913,24.994536,0],[66.844879,24.993736,0],[66.843512,24.9931,0],[66.84206,24.993221,0],[66.841727,24.993296,0],[66.841718,24.993298,0],[66.840718,24.993523,0],[66.840288,24.993619,0],[66.839775,24.993268,0],[66.839727,24.993235,0],[66.838742,24.99256,0],[66.838444,24.992356,0],[66.8384,24.992287,0],[66.838155,24.992153,0],[66.836997,24.991242,0],[66.836246,24.990923,0],[66.835482,24.990599,0],[66.834013,24.988793,0],[66.83362,24.98831,0],[66.833536,24.988207,0],[66.833488,24.988117,0],[66.832816,24.986869,0],[66.831836,24.985213,0],[66.831838,24.985212,0],[66.830855,24.983448,0],[66.830592,24.982953,0],[66.830751,24.981566,0],[66.830222,24.979683,0],[66.830131,24.979547,0],[66.829855,24.978963,0],[66.82991,24.9778,0],[66.82966,24.97714,0],[66.829431,24.976534,0],[66.828856,24.976429,0],[66.828424,24.976292,0],[66.828073,24.976114,0],[66.827239,24.975695,0],[66.82713,24.975648,0],[66.826869,24.975435,0],[66.826098,24.975115,0],[66.825109,24.974706,0],[66.82412,24.974296,0],[66.823765,24.974149,0],[66.823131,24.973886,0],[66.823108,24.973877,0],[66.823011,24.973836,0],[66.822994,24.973828,0],[66.82292,24.973792,0],[66.822919,24.973791,0],[66.82279,24.973728,0],[66.822578,24.973624,0],[66.822143,24.973412,0],[66.821827,24.973257,0],[66.821156,24.972929,0],[66.820584,24.972649,0],[66.820168,24.972446,0],[66.819181,24.971963,0],[66.818947,24.971849,0],[66.818196,24.97134,0],[66.817927,24.971158,0],[66.817211,24.970673,0],[66.816669,24.970306,0],[66.816223,24.970234,0],[66.81523,24.970073,0],[66.815132,24.970058,0],[66.815045,24.970043,0],[66.814096,24.969971,0],[66.814079,24.96997,0],[66.813603,24.969882,0],[66.813582,24.969878,0],[66.813228,24.969746,0],[66.812999,24.96966,0],[66.812643,24.969727,0],[66.812532,24.969619,0],[66.812498,24.969586,0],[66.810782,24.968848,0],[66.81027,24.968939,0],[66.80927,24.969115,0],[66.808271,24.969292,0],[66.807272,24.969468,0],[66.806854,24.969542,0],[66.806273,24.969645,0],[66.805274,24.969822,0],[66.804274,24.969998,0],[66.803275,24.970175,0],[66.802583,24.970297,0],[66.802276,24.970352,0],[66.801277,24.970528,0],[66.800278,24.970705,0],[66.799278,24.970881,0],[66.799269,24.970883,0],[66.798279,24.971058,0],[66.79778,24.971146,0],[66.797761,24.971143,0],[66.797283,24.971057,0],[66.79629,24.970878,0],[66.796056,24.970836,0],[66.795704,24.970772,0],[66.795297,24.970699,0],[66.794305,24.97052,0],[66.793312,24.970341,0],[66.792319,24.970162,0],[66.791709,24.970052,0],[66.791328,24.969892,0],[66.790339,24.969478,0],[66.789894,24.969291,0],[66.78935,24.969064,0],[66.788362,24.968649,0],[66.787373,24.968235,0],[66.787302,24.968205,0],[66.786385,24.96782,0],[66.786301,24.967785,0],[66.785396,24.967406,0],[66.784509,24.967034,0],[66.781255,24.96682,0],[66.780969,24.966801,0],[66.780426,24.966838,0],[66.779429,24.966907,0],[66.778431,24.966976,0],[66.777434,24.967045,0],[66.777077,24.96707,0],[66.776448,24.966497,0],[66.7761,24.966181,0],[66.775468,24.965605,0],[66.77512,24.965288,0],[66.775204,24.964743,0],[66.775208,24.964714,0],[66.775431,24.963265,0],[66.775521,24.962679,0],[66.775653,24.961816,0],[66.77569,24.961574,0],[66.775547,24.961224,0],[66.775191,24.960356,0],[66.774593,24.958899,0],[66.774591,24.958894,0],[66.773991,24.957433,0],[66.773639,24.956573,0],[66.773571,24.956408,0],[66.773482,24.956191,0],[66.773278,24.955969,0],[66.773232,24.955919,0],[66.772811,24.955462,0],[66.772665,24.955303,0],[66.771923,24.954496,0],[66.771878,24.954448,0],[66.77169,24.954195,0],[66.771597,24.954071,0],[66.77154,24.953995,0],[66.771374,24.954152,0],[66.771091,24.954422,0],[66.771077,24.954438,0],[66.770907,24.954645,0],[66.770819,24.954571,0],[66.77071,24.954478,0],[66.770689,24.954461,0],[66.770215,24.95406,0],[66.769805,24.953712,0],[66.769708,24.953631,0],[66.769168,24.953174,0],[66.768962,24.952999,0],[66.768727,24.952801,0],[66.767746,24.951971,0],[66.767729,24.951957,0],[66.767693,24.951528,0],[66.767679,24.951358,0],[66.767669,24.951247,0],[66.767481,24.951048,0],[66.76678,24.950307,0],[66.766544,24.950058,0],[66.766066,24.949553,0],[66.765802,24.949335,0],[66.764884,24.94858,0],[66.76482,24.948528,0],[66.763839,24.947721,0],[66.763579,24.947507,0],[66.763371,24.947105,0],[66.762872,24.946141,0],[66.762872,24.946141,0],[66.762864,24.946126,0],[66.761885,24.945672,0],[66.761789,24.945628,0],[66.760897,24.945215,0],[66.760266,24.944922,0],[66.760107,24.944851,0],[66.760046,24.944823,0],[66.76002,24.944811,0],[66.759927,24.944769,0],[66.759904,24.944759,0],[66.758922,24.944315,0],[66.758503,24.944126,0],[66.757934,24.943869,0],[66.757627,24.943731,0],[66.757627,24.943731,0],[66.756946,24.943423,0],[66.755958,24.942977,0],[66.755176,24.942623,0],[66.754971,24.942531,0],[66.75482,24.942463,0],[66.753985,24.941978,0],[66.753569,24.941736,0],[66.752999,24.941405,0],[66.752526,24.941131,0],[66.752014,24.940833,0],[66.751029,24.940261,0],[66.750643,24.940037,0],[66.750043,24.939689,0],[66.749958,24.939639,0],[66.749058,24.939117,0],[66.748383,24.938725,0],[66.748074,24.938476,0],[66.748056,24.938462,0],[66.747669,24.938152,0],[66.747092,24.937689,0],[66.746111,24.936901,0],[66.745824,24.936671,0],[66.74578,24.936636,0],[66.745405,24.936335,0],[66.745129,24.936114,0],[66.744399,24.935527,0],[66.744279,24.935195,0],[66.744156,24.934857,0],[66.743751,24.933734,0],[66.743601,24.933318,0],[66.743198,24.932807,0],[66.742773,24.932267,0],[66.742225,24.931571,0],[66.741615,24.930797,0],[66.741252,24.930335,0],[66.740472,24.929345,0],[66.740452,24.929326,0],[66.740277,24.929166,0],[66.740039,24.928947,0],[66.739299,24.928227,0],[66.738913,24.92785,0],[66.73832,24.927273,0],[66.737398,24.926375,0],[66.737342,24.92632,0],[66.736364,24.925367,0],[66.735884,24.924899,0],[66.735386,24.924414,0],[66.734407,24.923461,0],[66.734369,24.923423,0],[66.734054,24.923116,0],[66.733432,24.922352,0],[66.73321,24.922079,0],[66.733106,24.921951,0],[66.732458,24.921155,0],[66.73191,24.92048,0],[66.731485,24.919958,0],[66.731428,24.919888,0],[66.730713,24.919009,0],[66.730511,24.918761,0],[66.729981,24.91811,0],[66.729536,24.917618,0],[66.729463,24.917538,0],[66.72856,24.91654,0],[66.728131,24.916065,0],[66.727585,24.915461,0],[66.726798,24.914592,0],[66.726609,24.914383,0],[66.725633,24.913304,0],[66.725465,24.913119,0],[66.724657,24.912225,0],[66.724133,24.911646,0],[66.723681,24.911147,0],[66.7228,24.910173,0],[66.722706,24.910068,0],[66.72173,24.90899,0],[66.721468,24.9087,0],[66.720754,24.907911,0],[66.720135,24.907227,0],[66.719779,24.906832,0],[66.718803,24.905754,0],[66.718803,24.905754,0],[66.717827,24.904675,0],[66.71747,24.90428,0],[66.716138,24.902807,0],[66.715972,24.902624,0],[66.715876,24.902518,0],[66.7149,24.901439,0],[66.714805,24.901334,0],[66.714117,24.900573,0],[66.713923,24.900467,0],[66.712937,24.899926,0],[66.712802,24.899851,0],[66.711952,24.899384,0],[66.711377,24.899069,0],[66.710967,24.898843,0],[66.71008,24.898356,0],[66.709981,24.898302,0],[66.708996,24.897761,0],[66.70801,24.897219,0],[66.707359,24.896862,0],[66.707025,24.896678,0],[66.706039,24.896137,0],[66.705054,24.895596,0],[66.704638,24.895367,0],[66.704069,24.895054,0],[66.703342,24.894656,0],[66.703083,24.894513,0],[66.703023,24.89448,0],[66.702469,24.893881,0],[66.702107,24.89349,0],[66.701189,24.8925,0],[66.701131,24.892436,0],[66.701104,24.892408,0],[66.700492,24.891746,0],[66.700155,24.891361,0],[66.699782,24.890935,0],[66.699181,24.890247,0],[66.698494,24.889462,0],[66.698206,24.889133,0],[66.697409,24.888221,0],[66.697231,24.888018,0],[66.697206,24.887989,0],[66.696314,24.886969,0],[66.696257,24.886904,0],[66.695918,24.886517,0],[66.695282,24.885789,0],[66.694677,24.885098,0],[66.694665,24.885045,0],[66.694332,24.883587,0],[66.694328,24.88357,0],[66.693998,24.882129,0],[66.693703,24.88084,0],[66.693532,24.880756,0],[66.693386,24.880695,0],[66.693318,24.880666,0],[66.693272,24.880647,0],[66.693039,24.880529,0],[66.692742,24.880414,0],[66.692397,24.880339,0],[66.692174,24.880291,0],[66.691688,24.880264,0],[66.691404,24.880211,0],[66.691103,24.880155,0],[66.690801,24.880045,0],[66.690573,24.879965,0],[66.690415,24.879909,0],[66.689985,24.879755,0],[66.689425,24.879588,0],[66.68931,24.879554,0],[66.689292,24.879564,0],[66.689265,24.879583,0],[66.689249,24.879603,0],[66.689205,24.879611,0],[66.68915,24.879606,0],[66.689094,24.879605,0],[66.689039,24.879613,0],[66.688992,24.879638,0],[66.688915,24.879678,0],[66.688878,24.879729,0],[66.688864,24.879708,0],[66.688833,24.8797,0],[66.688798,24.879709,0],[66.688752,24.879727,0],[66.688714,24.879748,0],[66.688663,24.879772,0],[66.688595,24.879792,0],[66.688535,24.879816,0],[66.688478,24.879835,0],[66.688426,24.879835,0],[66.68842,24.879835,0],[66.688392,24.879821,0],[66.688358,24.879806,0],[66.688267,24.879813,0],[66.688223,24.879818,0],[66.688185,24.879827,0],[66.688151,24.879847,0],[66.688105,24.879884,0],[66.688062,24.879909,0],[66.688043,24.879926,0],[66.688011,24.879948,0],[66.687986,24.879976,0],[66.687968,24.880006,0],[66.687959,24.880032,0],[66.687956,24.880072,0],[66.687941,24.880103,0],[66.68791,24.88013,0],[66.687874,24.880131,0],[66.687802,24.880117,0],[66.687781,24.880091,0],[66.687767,24.88006,0],[66.68775,24.880036,0],[66.687716,24.880027,0],[66.687685,24.880002,0],[66.687652,24.879991,0],[66.687627,24.879974,0],[66.687603,24.879955,0],[66.687568,24.87995,0],[66.687519,24.879958,0],[66.687507,24.879957,0],[66.687488,24.879951,0],[66.687465,24.879947,0],[66.687428,24.879948,0],[66.687428,24.879947,0],[66.687408,24.879936,0],[66.687377,24.879917,0],[66.687365,24.879906,0],[66.687341,24.8799,0],[66.687318,24.8799,0],[66.687293,24.879902,0],[66.687269,24.879915,0],[66.687233,24.879922,0],[66.687198,24.879899,0],[66.687157,24.879869,0],[66.687083,24.879873,0],[66.687021,24.879853,0],[66.686953,24.879852,0],[66.686869,24.879855,0],[66.686795,24.879859,0],[66.686674,24.879933,0],[66.686563,24.879956,0],[66.686484,24.879978,0],[66.686431,24.880025,0],[66.686415,24.880039,0],[66.686383,24.880067,0],[66.686377,24.880144,0],[66.686376,24.880182,0],[66.686363,24.880296,0],[66.686311,24.88031,0],[66.686206,24.880304,0],[66.68609,24.880321,0],[66.685995,24.880362,0],[66.685901,24.88037,0],[66.685812,24.880369,0],[66.685759,24.880383,0],[66.68568,24.880405,0],[66.685648,24.880448,0],[66.685647,24.8805,0],[66.685662,24.880529,0],[66.68567,24.880548,0],[66.685693,24.880601,0],[66.685681,24.880644,0],[66.685596,24.880705,0],[66.685528,24.880742,0],[66.685469,24.880784,0],[66.685427,24.880817,0],[66.685421,24.880821,0],[66.685374,24.880859,0],[66.685331,24.880911,0],[66.685309,24.880973,0],[66.685224,24.881005,0],[66.685127,24.88086,0],[66.684959,24.880628,0],[66.684851,24.880536,0],[66.684851,24.880535,0],[66.684842,24.880421,0],[66.684865,24.880321,0],[66.684867,24.880202,0],[66.684781,24.880052,0],[66.684635,24.879759,0],[66.684532,24.879642,0],[66.684449,24.879569,0],[66.68429,24.879428,0],[66.684176,24.879365,0],[66.683973,24.879304,0],[66.683823,24.879216,0],[66.683588,24.87916,0],[66.683463,24.879102,0],[66.683438,24.87909,0],[66.683373,24.879059,0],[66.683261,24.879006,0],[66.683038,24.878903,0],[66.682826,24.878756,0],[66.682609,24.878586,0],[66.682478,24.878525,0],[66.682236,24.878413,0],[66.68185,24.87833,0],[66.681706,24.87817,0],[66.681536,24.878024,0],[66.681493,24.87801,0],[66.68138,24.877974,0],[66.681214,24.877881,0],[66.681033,24.877768,0],[66.680915,24.877628,0],[66.680804,24.877567,0],[66.680718,24.87752,0],[66.680569,24.877388,0],[66.680541,24.877377,0],[66.680509,24.877364,0],[66.680366,24.877304,0],[66.680044,24.87718,0],[66.679867,24.8771,0],[66.679614,24.876944,0],[66.679524,24.876839,0],[66.67948,24.876789,0],[66.679401,24.876544,0],[66.679316,24.876356,0],[66.679241,24.876135,0],[66.679226,24.87609,0],[66.679182,24.875958,0],[66.679162,24.8759,0],[66.679011,24.875559,0],[66.678773,24.874838,0],[66.67865,24.874741,0],[66.678569,24.874681,0],[66.678526,24.874648,0],[66.678493,24.874625,0],[66.678443,24.87459,0],[66.678323,24.874559,0],[66.678225,24.874505,0],[66.678115,24.874475,0],[66.677985,24.874458,0],[66.677886,24.87439,0],[66.677726,24.874273,0],[66.677598,24.874137,0],[66.677584,24.874114,0],[66.677512,24.873988,0],[66.677291,24.873765,0],[66.677193,24.873696,0],[66.6771,24.87359,0],[66.676941,24.87342,0],[66.676801,24.873341,0],[66.676725,24.873211,0],[66.676724,24.873145,0],[66.676722,24.873087,0],[66.676683,24.872962,0],[66.67667,24.872809,0],[66.676616,24.872696,0],[66.676614,24.872694,0],[66.67657,24.872564,0],[66.676504,24.872424,0],[66.676428,24.872313,0],[66.676469,24.872056,0],[66.676294,24.87191,0],[66.676207,24.871823,0],[66.676099,24.871716,0],[66.676072,24.871682,0],[66.676022,24.871619,0],[66.67596,24.871566,0],[66.675889,24.871469,0],[66.675796,24.871382,0],[66.675703,24.871332,0],[66.675647,24.871263,0],[66.675641,24.871255,0],[66.675554,24.871168,0],[66.675466,24.871095,0],[66.675274,24.871039,0],[66.675166,24.870913,0],[66.675101,24.870764,0],[66.675067,24.870625,0],[66.675058,24.870549,0],[66.675003,24.870409,0],[66.674994,24.870304,0],[66.674992,24.870213,0],[66.674991,24.870194,0],[66.674972,24.870089,0],[66.674964,24.869984,0],[66.67494,24.869854,0],[66.6749,24.869739,0],[66.674871,24.86961,0],[66.674811,24.869465,0],[66.674714,24.869335,0],[66.674689,24.8693,0],[66.674637,24.869229,0],[66.674592,24.869113,0],[66.674526,24.869031,0],[66.674401,24.868972,0],[66.674256,24.868903,0],[66.6742,24.868821,0],[66.674141,24.868747,0],[66.674133,24.868738,0],[66.674094,24.868618,0],[66.674014,24.868421,0],[66.673958,24.868315,0],[66.673892,24.868214,0],[66.673846,24.868142,0],[66.673801,24.868064,0],[66.673718,24.868028,0],[66.673665,24.868005,0],[66.673531,24.867926,0],[66.673422,24.867863,0],[66.673334,24.86779,0],[66.673258,24.867688,0],[66.673239,24.867592,0],[66.673224,24.867511,0],[66.67319,24.86741,0],[66.673093,24.86728,0],[66.673091,24.867278,0],[66.672758,24.866983,0],[66.672742,24.86697,0],[66.672614,24.866866,0],[66.67249,24.866759,0],[66.672329,24.866694,0],[66.672189,24.866616,0],[66.672055,24.866513,0],[66.671972,24.86645,0],[66.671895,24.866372,0],[66.671818,24.866295,0],[66.671761,24.866237,0],[66.671736,24.866212,0],[66.67168,24.866135,0],[66.671639,24.866068,0],[66.671605,24.865943,0],[66.671606,24.865847,0],[66.671572,24.865802,0],[66.671545,24.865765,0],[66.671307,24.865623,0],[66.671209,24.865526,0],[66.671086,24.865414,0],[66.670947,24.865278,0],[66.670844,24.865191,0],[66.670786,24.865134,0],[66.670736,24.865084,0],[66.670639,24.864977,0],[66.670547,24.864852,0],[66.670418,24.86473,0],[66.670193,24.864328,0],[66.670074,24.864113,0],[66.669987,24.863988,0],[66.669815,24.863888,0],[66.669707,24.863826,0],[66.669645,24.863801,0],[66.669568,24.863728,0],[66.669501,24.863641,0],[66.669429,24.863588,0],[66.669336,24.863538,0],[66.669221,24.863498,0],[66.669128,24.86344,0],[66.669009,24.86339,0],[66.66891,24.863345,0],[66.66883,24.863309,0],[66.668791,24.863291,0],[66.668676,24.863241,0],[66.668588,24.863192,0],[66.668454,24.863119,0],[66.668335,24.863021,0],[66.668186,24.862844,0],[66.66814,24.862789,0],[66.668027,24.862672,0],[66.667935,24.862599,0],[66.667856,24.862598,0],[66.667848,24.862599,0],[66.667735,24.862611,0],[66.66763,24.862628,0],[66.667494,24.862621,0],[66.66739,24.862586,0],[66.667328,24.862537,0],[66.667267,24.862465,0],[66.667196,24.862344,0],[66.667177,24.862215,0],[66.667142,24.862133,0],[66.667086,24.862085,0],[66.666982,24.86203,0],[66.666883,24.861981,0],[66.666865,24.861959,0],[66.666832,24.861918,0],[66.666807,24.861841,0],[66.666725,24.861797,0],[66.666677,24.861801,0],[66.666567,24.861818,0],[66.666391,24.861715,0],[66.666313,24.861676,0],[66.666168,24.861607,0],[66.666059,24.861538,0],[66.665923,24.861527,0],[66.665878,24.861532,0],[66.665813,24.861539,0],[66.66575,24.861576,0],[66.665649,24.861632,0],[66.665539,24.861645,0],[66.665447,24.861538,0],[66.665344,24.861417,0],[66.665287,24.861346,0],[66.665262,24.861316,0],[66.665227,24.861253,0],[66.665176,24.861171,0],[66.665141,24.861094,0],[66.66507,24.860988,0],[66.664917,24.860775,0],[66.664898,24.86076,0],[66.664829,24.860707,0],[66.664762,24.860658,0],[66.664657,24.860647,0],[66.664552,24.860693,0],[66.664373,24.860733,0],[66.66432,24.860742,0],[66.664231,24.86076,0],[66.664147,24.860787,0],[66.664052,24.8608,0],[66.663984,24.860813,0],[66.663926,24.860841,0],[66.663901,24.860851,0],[66.663878,24.860859,0],[66.663799,24.860901,0],[66.66372,24.860914,0],[66.663663,24.860904,0],[66.66358,24.860864,0],[66.663544,24.860811,0],[66.663634,24.860793,0],[66.663702,24.860756,0],[66.663777,24.860695,0],[66.663804,24.860634,0],[66.663764,24.860528,0],[66.663613,24.860492,0],[66.66352,24.86041,0],[66.663444,24.860284,0],[66.663404,24.860193,0],[66.663396,24.860092,0],[66.663371,24.860025,0],[66.663292,24.860019,0],[66.663203,24.860027,0],[66.663089,24.859992,0],[66.663111,24.859902,0],[66.663125,24.859859,0],[66.663156,24.859769,0],[66.663156,24.85973,0],[66.663184,24.859635,0],[66.663228,24.85955,0],[66.66323,24.859445,0],[66.6632,24.859339,0],[66.663171,24.859234,0],[66.663115,24.859133,0],[66.663033,24.859036,0],[66.662941,24.858945,0],[66.66293,24.858934,0],[66.662796,24.858846,0],[66.662449,24.858668,0],[66.662142,24.858544,0],[66.662055,24.858443,0],[66.662041,24.858389,0],[66.662021,24.858313,0],[66.661971,24.858188,0],[66.661961,24.858143,0],[66.661942,24.858049,0],[66.661876,24.857933,0],[66.661779,24.857793,0],[66.661656,24.857677,0],[66.661436,24.857401,0],[66.661327,24.857361,0],[66.661233,24.85735,0],[66.661144,24.857335,0],[66.660982,24.857303,0],[66.660982,24.857303,0],[66.660915,24.857254,0],[66.660853,24.857206,0],[66.660781,24.857162,0],[66.66073,24.857099,0],[66.660705,24.856998,0],[66.660707,24.856916,0],[66.660707,24.856912,0],[66.660651,24.856844,0],[66.660594,24.8568,0],[66.660575,24.856705,0],[66.660581,24.856624,0],[66.660562,24.856566,0],[66.6605,24.856503,0],[66.660433,24.856435,0],[66.660319,24.856371,0],[66.660095,24.856315,0],[66.660006,24.856304,0],[66.660006,24.856304,0],[66.659855,24.856297,0],[66.65974,24.856295,0],[66.659677,24.856265,0],[66.659673,24.856194,0],[66.659701,24.856103,0],[66.659628,24.856093,0],[66.659508,24.856072,0],[66.659404,24.856061,0],[66.659336,24.856026,0],[66.659249,24.855934,0],[66.659187,24.85588,0],[66.659179,24.855761,0],[66.659196,24.855704,0],[66.659161,24.855617,0],[66.659026,24.855474,0],[66.659002,24.855448,0],[66.65899,24.855436,0],[66.65893,24.85538,0],[66.658863,24.855307,0],[66.658855,24.855183,0],[66.658857,24.855078,0],[66.658853,24.854987,0],[66.658813,24.854881,0],[66.658741,24.854818,0],[66.658658,24.854797,0],[66.658611,24.854787,0],[66.658545,24.854681,0],[66.658432,24.854584,0],[66.658313,24.85451,0],[66.658195,24.854356,0],[66.65826,24.854261,0],[66.658282,24.854199,0],[66.658309,24.854123,0],[66.658337,24.854066,0],[66.658364,24.854005,0],[66.658367,24.853974,0],[66.658371,24.853928,0],[66.658367,24.853847,0],[66.658353,24.853756,0],[66.658307,24.853684,0],[66.65822,24.853587,0],[66.658191,24.853477,0],[66.658109,24.853365,0],[66.658072,24.853302,0],[66.657935,24.853066,0],[66.657968,24.852975,0],[66.657981,24.852875,0],[66.657935,24.852784,0],[66.657849,24.852663,0],[66.657798,24.852567,0],[66.657793,24.852512,0],[66.65779,24.852466,0],[66.657833,24.852391,0],[66.657834,24.852309,0],[66.657857,24.852228,0],[66.657941,24.852206,0],[66.65803,24.852193,0],[66.658089,24.852132,0],[66.658094,24.852125,0],[66.658164,24.852042,0],[66.658202,24.851947,0],[66.658231,24.851819,0],[66.658248,24.851724,0],[66.65825,24.851647,0],[66.6583,24.851486,0],[66.658438,24.851383,0],[66.658602,24.851309,0],[66.658769,24.851302,0],[66.658927,24.851276,0],[66.659019,24.851129,0],[66.659053,24.851079,0],[66.659111,24.850995,0],[66.659175,24.850902,0],[66.659287,24.850765,0],[66.659406,24.850586,0],[66.659482,24.850439,0],[66.659595,24.850283,0],[66.659639,24.85014,0],[66.659634,24.849844,0],[66.659638,24.849636,0],[66.65964,24.849572,0],[66.659627,24.849386,0],[66.659603,24.84929,0],[66.659521,24.849198,0],[66.65947,24.849106,0],[66.659447,24.848977,0],[66.659412,24.848857,0],[66.659441,24.848709,0],[66.659463,24.848652,0],[66.659502,24.848529,0],[66.659522,24.84829,0],[66.659527,24.848182,0],[66.659532,24.848071,0],[66.659529,24.847645,0],[66.659526,24.847538,0],[66.659516,24.847225,0],[66.659495,24.846986,0],[66.659501,24.846936,0],[66.659513,24.846838,0],[66.659519,24.846729,0],[66.659521,24.846676,0],[66.65964,24.846515,0],[66.659801,24.846269,0],[66.659902,24.846185,0],[66.660213,24.845312,0],[66.660222,24.845287,0],[66.660554,24.844351,0],[66.660577,24.844285,0],[66.660612,24.844066,0],[66.660695,24.843842,0],[66.6607,24.843828,0],[66.660757,24.843624,0],[66.660802,24.843424,0],[66.660822,24.843204,0],[66.660841,24.843038,0],[66.660819,24.842803,0],[66.660818,24.842391,0],[66.660816,24.841843,0],[66.660802,24.841504,0],[66.66083,24.84138,0],[66.660844,24.841194,0],[66.660814,24.841107,0],[66.660753,24.84103,0],[66.660655,24.840976,0],[66.660572,24.840935,0],[66.660566,24.840932,0],[66.660505,24.840878,0],[66.6605,24.84083,0],[66.660579,24.840832,0],[66.660621,24.840827,0],[66.660653,24.840794,0],[66.66067,24.840733,0],[66.660686,24.84068,0],[66.660688,24.84058,0],[66.66069,24.840489,0],[66.660708,24.840375,0],[66.660715,24.84026,0],[66.66067,24.840155,0],[66.660641,24.84003,0],[66.660597,24.839838,0],[66.660542,24.839723,0],[66.660502,24.839641,0],[66.66044,24.839564,0],[66.660438,24.83948,0],[66.660437,24.839463,0],[66.660366,24.839328,0],[66.660326,24.83931,0],[66.660268,24.839284,0],[66.660064,24.839276,0],[66.659635,24.839245,0],[66.659578,24.839197,0],[66.659512,24.839119,0],[66.659461,24.839061,0],[66.659362,24.839031,0],[66.659336,24.839025,0],[66.659216,24.838995,0],[66.658808,24.838989,0],[66.658635,24.839005,0],[66.658462,24.839007,0],[66.658363,24.838972,0],[66.658343,24.838934,0],[66.658343,24.838934,0],[66.658281,24.838904,0],[66.658212,24.838913,0],[66.658144,24.838945,0],[66.658075,24.838958,0],[66.657965,24.838956,0],[66.657861,24.838955,0],[66.657751,24.838953,0],[66.657657,24.838928,0],[66.657474,24.83892,0],[66.657349,24.838903,0],[66.657318,24.838898,0],[66.657308,24.838855,0],[66.657262,24.838797,0],[66.657231,24.838773,0],[66.657131,24.838776,0],[66.657,24.838788,0],[66.656927,24.838811,0],[66.65678,24.838828,0],[66.656696,24.838822,0],[66.656676,24.838764,0],[66.656641,24.838706,0],[66.656594,24.838663,0],[66.656527,24.838628,0],[66.656402,24.838612,0],[66.656359,24.838609,0],[66.656297,24.838605,0],[66.656186,24.838666,0],[66.656149,24.838694,0],[66.656044,24.838697,0],[66.655929,24.83869,0],[66.655846,24.83868,0],[66.655783,24.83864,0],[66.655701,24.838591,0],[66.655638,24.838562,0],[66.655555,24.838551,0],[66.655487,24.838564,0],[66.655445,24.838573,0],[66.655365,24.838572,0],[66.655361,24.838572,0],[66.655303,24.83859,0],[66.655219,24.838622,0],[66.655129,24.83863,0],[66.655046,24.838605,0],[66.654946,24.838618,0],[66.65482,24.83864,0],[66.654721,24.838633,0],[66.654589,24.838703,0],[66.654531,24.838721,0],[66.654457,24.838753,0],[66.654366,24.838763,0],[66.654336,24.838766,0],[66.654242,24.838764,0],[66.654164,24.838758,0],[66.654065,24.838742,0],[66.654024,24.83868,0],[66.653989,24.838598,0],[66.653958,24.838554,0],[66.653933,24.838501,0],[66.653882,24.838419,0],[66.653852,24.838352,0],[66.653848,24.838285,0],[66.653907,24.838234,0],[66.653912,24.838215,0],[66.653903,24.838171,0],[66.653841,24.838099,0],[66.65378,24.838041,0],[66.653776,24.83795,0],[66.6538,24.837923,0],[66.65384,24.837879,0],[66.653752,24.837816,0],[66.65368,24.837748,0],[66.653739,24.83772,0],[66.653822,24.837721,0],[66.653922,24.837713,0],[66.654006,24.837691,0],[66.654054,24.837658,0],[66.654112,24.837616,0],[66.654119,24.837554,0],[66.65412,24.837487,0],[66.654126,24.83742,0],[66.654144,24.837315,0],[66.654197,24.837273,0],[66.654262,24.837179,0],[66.654305,24.837127,0],[66.654321,24.83707,0],[66.654328,24.836979,0],[66.654319,24.836927,0],[66.654268,24.836859,0],[66.654196,24.836772,0],[66.654123,24.836747,0],[66.654035,24.836688,0],[66.653958,24.83661,0],[66.653882,24.836514,0],[66.653861,24.836471,0],[66.653836,24.836422,0],[66.653822,24.836346,0],[66.653912,24.836314,0],[66.654142,24.836298,0],[66.654331,24.836253,0],[66.654414,24.836257,0],[66.654818,24.836275,0],[66.654871,24.836247,0],[66.654992,24.836187,0],[66.655088,24.836103,0],[66.655158,24.835984,0],[66.655191,24.835904,0],[66.655255,24.835843,0],[66.655319,24.835786,0],[66.655417,24.835788,0],[66.655466,24.835789,0],[66.655664,24.835797,0],[66.655759,24.835798,0],[66.655896,24.835724,0],[66.65594,24.835629,0],[66.656015,24.835506,0],[66.655986,24.835381,0],[66.655843,24.835217,0],[66.655906,24.83517,0],[66.656042,24.835172,0],[66.65619,24.835126,0],[66.656239,24.835056,0],[66.656276,24.835004,0],[66.656362,24.834862,0],[66.656407,24.8347,0],[66.656434,24.834654,0],[66.656505,24.83453,0],[66.656582,24.83434,0],[66.656616,24.834207,0],[66.656693,24.833988,0],[66.656789,24.833884,0],[66.656895,24.833838,0],[66.657021,24.833783,0],[66.65714,24.833618,0],[66.657204,24.833528,0],[66.657453,24.833341,0],[66.657565,24.833257,0],[66.657744,24.833212,0],[66.657871,24.833118,0],[66.658084,24.83294,0],[66.658327,24.83281,0],[66.65846,24.832722,0],[66.658497,24.832698,0],[66.658624,24.832604,0],[66.658773,24.832492,0],[66.658933,24.832332,0],[66.659046,24.832195,0],[66.659211,24.831993,0],[66.659392,24.831833,0],[66.659473,24.831762,0],[66.659541,24.831702,0],[66.659616,24.831627,0],[66.659723,24.831523,0],[66.65984,24.831391,0],[66.659853,24.831267,0],[66.660042,24.831232,0],[66.660136,24.831233,0],[66.660242,24.831168,0],[66.660359,24.831094,0],[66.660482,24.831012,0],[66.660528,24.830982,0],[66.660741,24.830832,0],[66.660801,24.83077,0],[66.660922,24.830644,0],[66.661029,24.830531,0],[66.661115,24.830427,0],[66.661211,24.830295,0],[66.661361,24.830135,0],[66.661489,24.829984,0],[66.661496,24.82998,0],[66.661606,24.829909,0],[66.661681,24.829825,0],[66.661693,24.829729,0],[66.661716,24.829634,0],[66.661821,24.829598,0],[66.661927,24.829532,0],[66.662118,24.829402,0],[66.662204,24.829339,0],[66.662415,24.829187,0],[66.662507,24.829107,0],[66.662894,24.828774,0],[66.663107,24.828548,0],[66.663363,24.82811,0],[66.663367,24.828103,0],[66.663524,24.827946,0],[66.663562,24.827907,0],[66.663602,24.827868,0],[66.663657,24.827725,0],[66.663817,24.827565,0],[66.663935,24.827414,0],[66.663966,24.827179,0],[66.66372,24.827069,0],[66.664622,24.826089,0],[66.665395,24.825751,0],[66.665557,24.825636,0],[66.665764,24.825488,0],[66.665835,24.82545,0],[66.66653,24.825309,0],[66.66667,24.82528,0],[66.668429,24.825294,0],[66.669028,24.825415,0],[66.669541,24.825405,0],[66.671183,24.825371,0],[66.671529,24.825458,0],[66.67351,24.825957,0],[66.67549,24.826455,0],[66.676275,24.826653,0],[66.676447,24.826696,0],[66.677355,24.827058,0],[66.677468,24.827103,0],[66.679443,24.82789,0],[66.68122,24.828599,0],[66.681379,24.828635,0],[66.681419,24.828606,0],[66.681514,24.828537,0],[66.681674,24.828501,0],[66.681873,24.828563,0],[66.682084,24.828795,0],[66.682258,24.828835,0],[66.682441,24.828738,0],[66.682428,24.828538,0],[66.682348,24.828372,0],[66.682362,24.82835,0],[66.682383,24.82835,0],[66.682644,24.828493,0],[66.682768,24.828655,0],[66.682975,24.828687,0],[66.684775,24.82992,0],[66.685368,24.830259,0],[66.685639,24.830413,0],[66.687132,24.831269,0],[66.687341,24.831171,0],[66.688071,24.830826,0],[66.688279,24.830574,0],[66.688387,24.830225,0],[66.688285,24.829963,0],[66.688198,24.829825,0],[66.688216,24.829825,0],[66.688676,24.830094,0],[66.689343,24.830493,0],[66.689503,24.830588,0],[66.68962,24.830678,0],[66.689662,24.830631,0],[66.691287,24.831435,0],[66.691314,24.831483,0],[66.691348,24.831543,0],[66.69192,24.83195,0],[66.69207,24.831864,0],[66.692105,24.831844,0],[66.692671,24.831274,0],[66.692782,24.83116,0],[66.6936,24.831488,0],[66.694109,24.831596,0],[66.694532,24.831631,0],[66.695294,24.831607,0],[66.696039,24.83164,0],[66.696555,24.831762,0],[66.697384,24.831954,0],[66.697515,24.832078,0],[66.697854,24.831983,0],[66.698105,24.832016,0],[66.698276,24.832097,0],[66.698575,24.832178,0],[66.698879,24.832171,0],[66.699358,24.832193,0],[66.699615,24.832282,0],[66.699762,24.832385,0],[66.699931,24.832633,0],[66.700177,24.832637,0],[66.700286,24.832681,0],[66.700425,24.83266,0],[66.700573,24.83269,0],[66.70062,24.832699,0],[66.700769,24.832709,0],[66.700902,24.832746,0],[66.701058,24.832834,0],[66.701181,24.832843,0],[66.701223,24.83282,0],[66.701368,24.832655,0],[66.701386,24.832635,0],[66.701426,24.832589,0],[66.701425,24.832573,0],[66.701418,24.832396,0],[66.701416,24.83221,0],[66.701446,24.832178,0],[66.701486,24.832136,0],[66.701617,24.832141,0],[66.701889,24.832283,0],[66.7022,24.832461,0],[66.70247,24.832534,0],[66.702746,24.832603,0],[66.702943,24.832615,0],[66.703336,24.832753,0],[66.703512,24.832791,0],[66.704088,24.832409,0],[66.70437,24.832187,0],[66.704385,24.832118,0],[66.70434,24.831852,0],[66.704213,24.83165,0],[66.704206,24.8316,0],[66.704199,24.831554,0],[66.704213,24.831509,0],[66.704282,24.831496,0],[66.704382,24.831542,0],[66.704409,24.831556,0],[66.704557,24.831631,0],[66.705205,24.831984,0],[66.706193,24.832453,0],[66.706251,24.832477,0],[66.706351,24.832435,0],[66.706849,24.832589,0],[66.707014,24.832696,0],[66.707117,24.832793,0],[66.7075,24.832951,0],[66.707649,24.833034,0],[66.707726,24.833128,0],[66.707804,24.833111,0],[66.707863,24.833151,0],[66.708393,24.833505,0],[66.709077,24.833999,0],[66.709319,24.834164,0],[66.709694,24.834406,0],[66.710194,24.834655,0],[66.710371,24.834786,0],[66.710698,24.834965,0],[66.710756,24.835019,0],[66.710828,24.835093,0],[66.710904,24.835171,0],[66.710972,24.835211,0],[66.711001,24.835208,0],[66.710995,24.835169,0],[66.710994,24.835124,0],[66.710993,24.835097,0],[66.711221,24.835204,0],[66.711543,24.835426,0],[66.711734,24.83555,0],[66.711915,24.835836,0],[66.712014,24.835921,0],[66.71213,24.83602,0],[66.71239,24.836114,0],[66.712689,24.836286,0],[66.713043,24.836445,0],[66.71311,24.836477,0],[66.713554,24.836684,0],[66.714076,24.836845,0],[66.714317,24.83696,0],[66.714549,24.836802,0],[66.715055,24.836481,0],[66.715101,24.836453,0],[66.715515,24.836202,0],[66.715534,24.836002,0],[66.71548,24.835974,0],[66.715406,24.835825,0],[66.715311,24.835832,0],[66.715377,24.835733,0],[66.715641,24.835841,0],[66.715878,24.83598,0],[66.716607,24.836405,0],[66.716676,24.836606,0],[66.716751,24.836705,0],[66.717015,24.837142,0],[66.71713,24.837281,0],[66.717289,24.837346,0],[66.717422,24.83744,0],[66.717449,24.837446,0],[66.717944,24.837739,0],[66.718237,24.837972,0],[66.718708,24.838244,0],[66.718967,24.838247,0],[66.719123,24.838318,0],[66.719252,24.838385,0],[66.719789,24.838399,0],[66.720322,24.838381,0],[66.720868,24.838213,0],[66.721135,24.838142,0],[66.721423,24.838144,0],[66.721649,24.838127,0],[66.72171,24.838111,0],[66.721766,24.837967,0],[66.721926,24.837993,0],[66.722025,24.838039,0],[66.722683,24.837911,0],[66.722742,24.837722,0],[66.722853,24.837586,0],[66.722871,24.837621,0],[66.722872,24.837619,0],[66.723037,24.837691,0],[66.723959,24.838095,0],[66.724284,24.837874,0],[66.724797,24.837691,0],[66.725177,24.837496,0],[66.725449,24.837318,0],[66.725634,24.837185,0],[66.725847,24.836972,0],[66.726127,24.836547,0],[66.726182,24.836452,0],[66.72628,24.836427,0],[66.726347,24.836139,0],[66.726351,24.836122,0],[66.726102,24.835781,0],[66.725996,24.835661,0],[66.725948,24.835606,0],[66.725924,24.835487,0],[66.725974,24.835446,0],[66.72616,24.835477,0],[66.72658,24.835636,0],[66.727049,24.835974,0],[66.727299,24.836154,0],[66.727313,24.836164,0],[66.72787,24.836416,0],[66.728054,24.836537,0],[66.728278,24.836683,0],[66.729216,24.837297,0],[66.72945,24.83745,0],[66.729767,24.837658,0],[66.730111,24.837389,0],[66.730117,24.837384,0],[66.730615,24.837256,0],[66.731006,24.837196,0],[66.731156,24.837174,0],[66.73133,24.837167,0],[66.731417,24.837281,0],[66.730512,24.837855,0],[66.730419,24.837915,0],[66.730454,24.838002,0],[66.730474,24.838051,0],[66.730676,24.838436,0],[66.730678,24.838508,0],[66.730685,24.838519,0],[66.730681,24.838713,0],[66.730903,24.838847,0],[66.730944,24.838908,0],[66.73102,24.839111,0],[66.731029,24.839126,0],[66.731103,24.839246,0],[66.731192,24.839349,0],[66.731279,24.839393,0],[66.731406,24.839487,0],[66.731415,24.839544,0],[66.731401,24.839582,0],[66.731361,24.839606,0],[66.731328,24.839614,0],[66.731189,24.839651,0],[66.731148,24.839662,0],[66.731024,24.839673,0],[66.731004,24.839801,0],[66.73097,24.839806,0],[66.730959,24.839808,0],[66.730642,24.839852,0],[66.730437,24.839926,0],[66.730381,24.840184,0],[66.730446,24.840287,0],[66.730488,24.840468,0],[66.730507,24.840508,0],[66.730641,24.840788,0],[66.730934,24.841131,0],[66.73102,24.841231,0],[66.731181,24.841419,0],[66.731358,24.841496,0],[66.731511,24.841524,0],[66.731563,24.841602,0],[66.731881,24.841673,0],[66.73256,24.841839,0],[66.732743,24.84186,0],[66.73336,24.842129,0],[66.733692,24.842248,0],[66.734166,24.842455,0],[66.734387,24.842623,0],[66.734564,24.842858,0],[66.734635,24.843035,0],[66.734762,24.843166,0],[66.734877,24.843193,0],[66.735099,24.843246,0],[66.735443,24.843329,0],[66.735588,24.843526,0],[66.735703,24.843551,0],[66.736847,24.844284,0],[66.737084,24.844436,0],[66.737157,24.844497,0],[66.737296,24.844517,0],[66.737424,24.844504,0],[66.737513,24.84452,0],[66.737582,24.84457,0],[66.737781,24.844631,0],[66.73785,24.844678,0],[66.737892,24.84478,0],[66.738144,24.844881,0],[66.738382,24.844874,0],[66.73847,24.844929,0],[66.738615,24.844936,0],[66.738685,24.844914,0],[66.738705,24.844859,0],[66.738678,24.844821,0],[66.738625,24.844791,0],[66.738565,24.844661,0],[66.738528,24.844521,0],[66.738537,24.844468,0],[66.738545,24.844421,0],[66.738549,24.844394,0],[66.738562,24.844298,0],[66.738725,24.844328,0],[66.738836,24.844349,0],[66.738934,24.844368,0],[66.739064,24.844478,0],[66.739077,24.844492,0],[66.73918,24.844533,0],[66.739399,24.844717,0],[66.739392,24.844771,0],[66.739345,24.844787,0],[66.739351,24.844794,0],[66.739303,24.84482,0],[66.739221,24.844866,0],[66.739177,24.844944,0],[66.739077,24.845049,0],[66.739077,24.845049,0],[66.739075,24.845049,0],[66.739033,24.845036,0],[66.738986,24.845022,0],[66.738989,24.845048,0],[66.739006,24.845221,0],[66.739091,24.845281,0],[66.739099,24.845381,0],[66.739725,24.845784,0],[66.739753,24.84581,0],[66.739975,24.846019,0],[66.739919,24.846139,0],[66.739951,24.846156,0],[66.73994,24.846219,0],[66.739918,24.846342,0],[66.739992,24.84642,0],[66.740091,24.846557,0],[66.740254,24.846673,0],[66.740405,24.846791,0],[66.740496,24.846831,0],[66.740594,24.846838,0],[66.740781,24.846841,0],[66.740899,24.846843,0],[66.740918,24.846859,0],[66.741147,24.846878,0],[66.741228,24.846848,0],[66.741456,24.846875,0],[66.741453,24.847019,0],[66.741419,24.847177,0],[66.741408,24.8472,0],[66.741708,24.847377,0],[66.741965,24.847468,0],[66.742074,24.847466,0],[66.742155,24.847464,0],[66.742243,24.847371,0],[66.742283,24.847368,0],[66.742371,24.847058,0],[66.742388,24.847361,0],[66.742398,24.84736,0],[66.742679,24.84738,0],[66.742708,24.847382,0],[66.742761,24.847374,0],[66.742786,24.847371,0],[66.742827,24.84738,0],[66.742889,24.847392,0],[66.742997,24.847436,0],[66.743024,24.847523,0],[66.743041,24.847626,0],[66.74304,24.847728,0],[66.74304,24.847746,0],[66.742984,24.84778,0],[66.742908,24.847799,0],[66.742966,24.847836,0],[66.743002,24.847876,0],[66.743059,24.847942,0],[66.743058,24.847999,0],[66.743034,24.84807,0],[66.743001,24.848108,0],[66.742955,24.848131,0],[66.74289,24.848153,0],[66.74285,24.848183,0],[66.742809,24.848215,0],[66.742795,24.848284,0],[66.742794,24.848344,0],[66.742835,24.848404,0],[66.742884,24.848482,0],[66.743274,24.848804,0],[66.743803,24.849073,0],[66.74393,24.849033,0],[66.744223,24.848906,0],[66.744388,24.848831,0],[66.744451,24.848807,0],[66.74447,24.848811,0],[66.744499,24.848844,0],[66.744539,24.848812,0],[66.744524,24.848752,0],[66.744515,24.848686,0],[66.744359,24.848503,0],[66.744327,24.848451,0],[66.744263,24.848346,0],[66.744195,24.848235,0],[66.744118,24.84803,0],[66.744099,24.847979,0],[66.74416,24.848031,0],[66.744205,24.84807,0],[66.744228,24.84809,0],[66.744236,24.84809,0],[66.744267,24.848119,0],[66.744267,24.848123,0],[66.74473,24.848517,0],[66.744873,24.848639,0],[66.745172,24.848898,0],[66.745302,24.848955,0],[66.745344,24.849023,0],[66.745356,24.849042,0],[66.745398,24.849231,0],[66.745436,24.8493,0],[66.74552,24.849373,0],[66.745601,24.849446,0],[66.745665,24.849486,0],[66.745749,24.849543,0],[66.745791,24.849572,0],[66.746689,24.850262,0],[66.746898,24.850423,0],[66.747081,24.850543,0],[66.747221,24.850701,0],[66.747198,24.850775,0],[66.747286,24.850866,0],[66.747516,24.850989,0],[66.747682,24.851051,0],[66.747854,24.851095,0],[66.747978,24.851127,0],[66.748122,24.851135,0],[66.748224,24.85111,0],[66.748267,24.851057,0],[66.748307,24.851036,0],[66.748406,24.851011,0],[66.748448,24.851021,0],[66.748455,24.851027,0],[66.748474,24.851045,0],[66.748483,24.851075,0],[66.748483,24.851102,0],[66.748472,24.851146,0],[66.7485,24.851218,0],[66.748548,24.851252,0],[66.7486,24.851277,0],[66.748643,24.851331,0],[66.748659,24.851375,0],[66.748704,24.851507,0],[66.748701,24.851568,0],[66.748738,24.851586,0],[66.748735,24.851596,0],[66.74879,24.851663,0],[66.748775,24.851712,0],[66.748756,24.851779,0],[66.748714,24.851881,0],[66.7487,24.851901,0],[66.74879,24.851996,0],[66.74895,24.852052,0],[66.749056,24.852149,0],[66.74918,24.852181,0],[66.749314,24.852153,0],[66.749375,24.852116,0],[66.749499,24.852078,0],[66.749532,24.852061,0],[66.749591,24.852023,0],[66.749654,24.851979,0],[66.749731,24.851918,0],[66.749797,24.851853,0],[66.749844,24.851797,0],[66.749967,24.851715,0],[66.749997,24.851665,0],[66.749975,24.851599,0],[66.749982,24.851541,0],[66.750016,24.851527,0],[66.75006,24.851509,0],[66.750117,24.851596,0],[66.750143,24.85165,0],[66.750154,24.851761,0],[66.750177,24.85198,0],[66.750284,24.852089,0],[66.750413,24.852165,0],[66.750516,24.852257,0],[66.750522,24.852414,0],[66.750575,24.852485,0],[66.750629,24.852504,0],[66.750691,24.852527,0],[66.750773,24.852508,0],[66.75084,24.852563,0],[66.750912,24.852547,0],[66.750947,24.852618,0],[66.751086,24.852653,0],[66.751191,24.852593,0],[66.751254,24.852656,0],[66.751462,24.852636,0],[66.751831,24.852645,0],[66.752103,24.852649,0],[66.752431,24.852609,0],[66.752654,24.852547,0],[66.752923,24.852425,0],[66.753098,24.852494,0],[66.753746,24.852326,0],[66.754507,24.852194,0],[66.754564,24.85213,0],[66.754616,24.852122,0],[66.754811,24.852095,0],[66.755254,24.852015,0],[66.755885,24.851901,0],[66.756613,24.851751,0],[66.757507,24.851567,0],[66.757861,24.85148,0],[66.75827,24.851405,0],[66.758591,24.851266,0],[66.758612,24.851259,0],[66.758875,24.851158,0],[66.759132,24.85106,0],[66.75974,24.850859,0],[66.760403,24.850668,0],[66.760614,24.850613,0],[66.760702,24.85059,0],[66.760788,24.850558,0],[66.760894,24.850448,0],[66.76096,24.850459,0],[66.761042,24.85042,0],[66.761101,24.850389,0],[66.761137,24.850396,0],[66.761165,24.850381,0],[66.761218,24.850398,0],[66.761422,24.850326,0],[66.761753,24.850179,0],[66.762009,24.850048,0],[66.762214,24.849945,0],[66.762311,24.849914,0],[66.762473,24.849819,0],[66.762619,24.849765,0],[66.762715,24.84973,0],[66.763164,24.849495,0],[66.763561,24.849288,0],[66.76396,24.849124,0],[66.764428,24.848854,0],[66.765318,24.848349,0],[66.765488,24.848253,0],[66.765776,24.848035,0],[66.76664,24.84751,0],[66.766662,24.847496,0],[66.766783,24.84737,0],[66.766922,24.847295,0],[66.766951,24.847241,0],[66.767186,24.847107,0],[66.768478,24.84637,0],[66.768652,24.84628,0],[66.768966,24.846118,0],[66.769308,24.845909,0],[66.769486,24.8458,0],[66.769891,24.845512,0],[66.769962,24.845461,0],[66.770175,24.84539,0],[66.770256,24.845412,0],[66.770342,24.845393,0],[66.770407,24.845307,0],[66.770453,24.84525,0],[66.770621,24.845171,0],[66.770662,24.845175,0],[66.770707,24.84518,0],[66.77078,24.845128,0],[66.770808,24.845083,0],[66.770904,24.845002,0],[66.771077,24.844938,0],[66.771209,24.844866,0],[66.771251,24.844809,0],[66.771366,24.844708,0],[66.771498,24.844636,0],[66.771619,24.844646,0],[66.771634,24.844568,0],[66.771685,24.844536,0],[66.771989,24.844421,0],[66.772559,24.84412,0],[66.772672,24.844051,0],[66.772869,24.843931,0],[66.773165,24.843759,0],[66.77327,24.843791,0],[66.773437,24.843725,0],[66.77355,24.843625,0],[66.773746,24.843504,0],[66.773858,24.843447,0],[66.774121,24.843312,0],[66.774405,24.843168,0],[66.77468,24.843026,0],[66.774859,24.842934,0],[66.774918,24.842888,0],[66.774943,24.842818,0],[66.774873,24.84274,0],[66.774874,24.842681,0],[66.774874,24.842672,0],[66.774976,24.842642,0],[66.775088,24.842625,0],[66.775089,24.842561,0],[66.775034,24.842433,0],[66.774954,24.842345,0],[66.774882,24.842233,0],[66.774869,24.842221,0],[66.774785,24.842148,0],[66.774923,24.842189,0],[66.77496,24.8422,0],[66.775142,24.842265,0],[66.775317,24.842317,0],[66.775508,24.842359,0],[66.775557,24.84237,0],[66.775832,24.842485,0],[66.776057,24.84259,0],[66.776171,24.842651,0],[66.776106,24.842699,0],[66.776085,24.842714,0],[66.776054,24.842769,0],[66.775965,24.842821,0],[66.775903,24.842872,0],[66.775852,24.842878,0],[66.775847,24.842936,0],[66.775844,24.84297,0],[66.775793,24.842982,0],[66.775806,24.842994,0],[66.775742,24.842997,0],[66.775632,24.843094,0],[66.775592,24.843204,0],[66.775639,24.843254,0],[66.775741,24.843253,0],[66.77579,24.843337,0],[66.77573,24.843444,0],[66.775767,24.843491,0],[66.77593,24.843469,0],[66.77599,24.843485,0],[66.77604,24.843538,0],[66.775998,24.843597,0],[66.77594,24.843636,0],[66.775994,24.843683,0],[66.776111,24.84374,0],[66.776131,24.843744,0],[66.776286,24.843799,0],[66.776536,24.843845,0],[66.776656,24.843857,0],[66.776729,24.843864,0],[66.776765,24.843898,0],[66.776948,24.843864,0],[66.777064,24.843839,0],[66.777149,24.843821,0],[66.777304,24.84369,0],[66.7775,24.843511,0],[66.777224,24.843417,0],[66.777262,24.843365,0],[66.777263,24.8433,0],[66.777303,24.843326,0],[66.777364,24.843357,0],[66.777373,24.843401,0],[66.777427,24.843402,0],[66.777475,24.843387,0],[66.777573,24.843391,0],[66.777677,24.84343,0],[66.777775,24.843462,0],[66.777913,24.843659,0],[66.778031,24.843732,0],[66.778222,24.8438,0],[66.778322,24.843727,0],[66.778415,24.843648,0],[66.778501,24.843532,0],[66.778463,24.843429,0],[66.778467,24.843361,0],[66.778593,24.843348,0],[66.778596,24.843348,0],[66.778654,24.843371,0],[66.778734,24.843402,0],[66.778784,24.843446,0],[66.778916,24.84347,0],[66.778959,24.843517,0],[66.77897,24.843628,0],[66.778973,24.843684,0],[66.778878,24.843846,0],[66.778827,24.843901,0],[66.778801,24.844176,0],[66.778921,24.844273,0],[66.778814,24.844321,0],[66.7787,24.844372,0],[66.778667,24.844486,0],[66.778749,24.844623,0],[66.778813,24.844658,0],[66.77888,24.84468,0],[66.7791,24.844897,0],[66.779234,24.844964,0],[66.779484,24.845014,0],[66.779656,24.845041,0],[66.779832,24.845031,0],[66.779917,24.845036,0],[66.779977,24.845092,0],[66.780044,24.845136,0],[66.780088,24.845195,0],[66.7801,24.845195,0],[66.780175,24.845148,0],[66.780256,24.84517,0],[66.780308,24.845131,0],[66.780329,24.845088,0],[66.780371,24.845015,0],[66.780523,24.845023,0],[66.780616,24.844988,0],[66.780618,24.844987,0],[66.78062,24.844916,0],[66.78073,24.844816,0],[66.780796,24.844706,0],[66.780894,24.844537,0],[66.781065,24.844457,0],[66.781179,24.844464,0],[66.781354,24.844523,0],[66.781496,24.844552,0],[66.781512,24.844599,0],[66.781627,24.844601,0],[66.781729,24.844621,0],[66.781811,24.844718,0],[66.78183,24.844789,0],[66.781911,24.844834,0],[66.782023,24.844832,0],[66.782124,24.844871,0],[66.782184,24.844921,0],[66.782413,24.84494,0],[66.782567,24.844896,0],[66.782608,24.844867,0],[66.78269,24.844808,0],[66.782891,24.844743,0],[66.783049,24.844619,0],[66.783268,24.844492,0],[66.783455,24.844424,0],[66.783863,24.844127,0],[66.784036,24.843948,0],[66.784081,24.843902,0],[66.784004,24.843811,0],[66.783999,24.843743,0],[66.783885,24.843614,0],[66.78382,24.84354,0],[66.783751,24.843421,0],[66.783781,24.84337,0],[66.783792,24.843352,0],[66.783884,24.843291,0],[66.784114,24.84327,0],[66.78432,24.84327,0],[66.784408,24.843307,0],[66.784381,24.84336,0],[66.784343,24.843421,0],[66.784175,24.843564,0],[66.784129,24.843637,0],[66.784156,24.843665,0],[66.7843,24.843535,0],[66.784417,24.843431,0],[66.784522,24.843433,0],[66.784606,24.843474,0],[66.784623,24.843472,0],[66.784776,24.843452,0],[66.784876,24.843546,0],[66.784945,24.843551,0],[66.785004,24.843554,0],[66.785149,24.8436,0],[66.78524,24.843641,0],[66.785239,24.843678,0],[66.785401,24.843708,0],[66.785489,24.843707,0],[66.785567,24.843708,0],[66.785622,24.843634,0],[66.785704,24.843623,0],[66.785747,24.84367,0],[66.785691,24.843756,0],[66.785644,24.843916,0],[66.785678,24.843941,0],[66.785817,24.843903,0],[66.78594,24.84388,0],[66.785993,24.843933,0],[66.786053,24.843987,0],[66.786115,24.844087,0],[66.786221,24.844017,0],[66.786341,24.843942,0],[66.786395,24.843986,0],[66.786331,24.844164,0],[66.786298,24.844305,0],[66.786274,24.844318,0],[66.786304,24.844337,0],[66.786368,24.844341,0],[66.78638,24.844332,0],[66.786387,24.844334,0],[66.786441,24.844252,0],[66.786448,24.844221,0],[66.786485,24.844216,0],[66.786515,24.844262,0],[66.786531,24.844309,0],[66.786598,24.844297,0],[66.78663,24.844292,0],[66.786667,24.844424,0],[66.786671,24.844425,0],[66.786722,24.844608,0],[66.786946,24.844602,0],[66.787098,24.844592,0],[66.787107,24.844565,0],[66.787115,24.844568,0],[66.787113,24.844515,0],[66.787165,24.844448,0],[66.787179,24.844421,0],[66.787171,24.844328,0],[66.787253,24.844334,0],[66.787415,24.844204,0],[66.787466,24.844162,0],[66.787473,24.844082,0],[66.787488,24.84402,0],[66.787541,24.844049,0],[66.787724,24.844033,0],[66.787819,24.844016,0],[66.78798,24.843947,0],[66.788099,24.843915,0],[66.788257,24.84376,0],[66.78837,24.843675,0],[66.788569,24.843545,0],[66.78857,24.843493,0],[66.788602,24.843492,0],[66.788706,24.843489,0],[66.788704,24.843565,0],[66.788759,24.843488,0],[66.788819,24.843403,0],[66.788879,24.84335,0],[66.788945,24.843336,0],[66.78902,24.843349,0],[66.789065,24.843379,0],[66.789071,24.843406,0],[66.789042,24.843409,0],[66.788904,24.843422,0],[66.788801,24.843632,0],[66.788842,24.843642,0],[66.788921,24.84373,0],[66.788893,24.843753,0],[66.788926,24.84377,0],[66.788882,24.843846,0],[66.788912,24.844042,0],[66.788949,24.844076,0],[66.789048,24.844013,0],[66.789067,24.844078,0],[66.789059,24.844183,0],[66.789197,24.844194,0],[66.789254,24.844056,0],[66.789268,24.844007,0],[66.789281,24.843962,0],[66.789294,24.843917,0],[66.789235,24.843787,0],[66.789231,24.843781,0],[66.789232,24.843744,0],[66.789233,24.843695,0],[66.789234,24.843646,0],[66.789234,24.843633,0],[66.789235,24.843632,0],[66.789393,24.843845,0],[66.78939,24.844012,0],[66.789383,24.844018,0],[66.789301,24.844097,0],[66.789286,24.844168,0],[66.78945,24.84429,0],[66.789613,24.84442,0],[66.789799,24.844425,0],[66.789903,24.844486,0],[66.789939,24.84456,0],[66.789894,24.844621,0],[66.789903,24.844705,0],[66.790047,24.84475,0],[66.790387,24.844697,0],[66.790438,24.844694,0],[66.790461,24.844738,0],[66.790439,24.844787,0],[66.7903,24.844844,0],[66.790342,24.844912,0],[66.790481,24.844902,0],[66.790557,24.844847,0],[66.790569,24.84484,0],[66.790629,24.844799,0],[66.79074,24.84485,0],[66.790786,24.844903,0],[66.790793,24.844908,0],[66.790997,24.845027,0],[66.791023,24.845098,0],[66.791004,24.845237,0],[66.791142,24.845249,0],[66.791254,24.845259,0],[66.79132,24.845137,0],[66.791307,24.845039,0],[66.791316,24.845041,0],[66.791289,24.84501,0],[66.791303,24.844976,0],[66.79136,24.844974,0],[66.791451,24.845034,0],[66.791461,24.845084,0],[66.791469,24.845124,0],[66.791577,24.845141,0],[66.791614,24.845175,0],[66.79162,24.84524,0],[66.791683,24.845215,0],[66.791695,24.845202,0],[66.791804,24.845194,0],[66.791936,24.845207,0],[66.792074,24.845232,0],[66.79222,24.845336,0],[66.79226,24.845365,0],[66.792301,24.845402,0],[66.792438,24.845529,0],[66.792447,24.845596,0],[66.79249,24.845599,0],[66.792545,24.845585,0],[66.7926,24.845571,0],[66.792718,24.845663,0],[66.792803,24.845708,0],[66.792797,24.845775,0],[66.792745,24.845818,0],[66.792834,24.845827,0],[66.792791,24.845852,0],[66.792621,24.845953,0],[66.792538,24.846025,0],[66.792386,24.846154,0],[66.792396,24.846168,0],[66.792431,24.846219,0],[66.792535,24.846157,0],[66.79286,24.845962,0],[66.792863,24.845957,0],[66.792867,24.845953,0],[66.79295,24.845855,0],[66.792968,24.845833,0],[66.79302,24.845783,0],[66.79312,24.845741,0],[66.793207,24.845707,0],[66.793321,24.845707,0],[66.793362,24.8457,0],[66.793427,24.845731,0],[66.79349,24.845769,0],[66.793533,24.845765,0],[66.793554,24.84574,0],[66.793635,24.845748,0],[66.793693,24.845784,0],[66.793767,24.845764,0],[66.793938,24.84572,0],[66.794002,24.845689,0],[66.794011,24.845681,0],[66.794208,24.845644,0],[66.794308,24.84558,0],[66.79445,24.845471,0],[66.794504,24.845416,0],[66.794488,24.845328,0],[66.794431,24.845266,0],[66.794435,24.845188,0],[66.794499,24.845161,0],[66.794543,24.845175,0],[66.794625,24.8452,0],[66.794744,24.84519,0],[66.79481,24.84524,0],[66.794885,24.845262,0],[66.794918,24.845295,0],[66.794997,24.84527,0],[66.795034,24.845206,0],[66.795032,24.845155,0],[66.795114,24.845087,0],[66.795149,24.845129,0],[66.795174,24.84518,0],[66.795173,24.845213,0],[66.795162,24.845247,0],[66.795174,24.845333,0],[66.795176,24.845368,0],[66.795213,24.845419,0],[66.795253,24.845448,0],[66.795276,24.845444,0],[66.795287,24.845499,0],[66.795332,24.84556,0],[66.795388,24.845545,0],[66.795405,24.845423,0],[66.795419,24.845425,0],[66.795421,24.845395,0],[66.795554,24.845442,0],[66.795615,24.84545,0],[66.795653,24.845484,0],[66.795717,24.84548,0],[66.795739,24.845466,0],[66.795791,24.845433,0],[66.795893,24.845422,0],[66.795991,24.845338,0],[66.796026,24.845216,0],[66.796032,24.845179,0],[66.796073,24.845177,0],[66.795997,24.845139,0],[66.796044,24.845077,0],[66.796069,24.845084,0],[66.796099,24.84512,0],[66.796134,24.845125,0],[66.796217,24.845061,0],[66.796265,24.84505,0],[66.796344,24.845079,0],[66.796381,24.845112,0],[66.796367,24.845184,0],[66.796367,24.845198,0],[66.796477,24.845155,0],[66.796534,24.845141,0],[66.796553,24.845136,0],[66.796563,24.845171,0],[66.796698,24.845298,0],[66.796829,24.845309,0],[66.796912,24.84537,0],[66.796922,24.845394,0],[66.796993,24.845409,0],[66.797005,24.845453,0],[66.797024,24.845483,0],[66.797157,24.845474,0],[66.79722,24.845481,0],[66.79724,24.845514,0],[66.797253,24.845564,0],[66.797246,24.845615,0],[66.797225,24.845639,0],[66.797221,24.845657,0],[66.797218,24.845673,0],[66.797285,24.845681,0],[66.797327,24.845671,0],[66.797346,24.845667,0],[66.797332,24.845614,0],[66.797364,24.845601,0],[66.797389,24.845606,0],[66.797423,24.84564,0],[66.797484,24.84562,0],[66.797558,24.845631,0],[66.797609,24.845681,0],[66.79764,24.845711,0],[66.797691,24.845762,0],[66.797778,24.845798,0],[66.797864,24.845775,0],[66.798011,24.845777,0],[66.798066,24.845766,0],[66.798093,24.84577,0],[66.798108,24.845763,0],[66.798187,24.845726,0],[66.798205,24.845664,0],[66.798168,24.845607,0],[66.79816,24.845534,0],[66.798177,24.845519,0],[66.798265,24.845595,0],[66.798377,24.845652,0],[66.798419,24.845649,0],[66.798451,24.845626,0],[66.798452,24.845596,0],[66.798457,24.845539,0],[66.798471,24.845489,0],[66.798467,24.845393,0],[66.798464,24.845325,0],[66.798513,24.845289,0],[66.798521,24.845288,0],[66.79857,24.845283,0],[66.798522,24.845238,0],[66.798495,24.845213,0],[66.798439,24.84517,0],[66.798479,24.845148,0],[66.798523,24.845149,0],[66.798551,24.845149,0],[66.798665,24.845158,0],[66.798697,24.845226,0],[66.79869,24.845299,0],[66.79881,24.845349,0],[66.798945,24.845367,0],[66.798959,24.845355,0],[66.799017,24.845312,0],[66.799059,24.845289,0],[66.799112,24.845286,0],[66.799118,24.845321,0],[66.799119,24.845376,0],[66.799149,24.845398,0],[66.799223,24.845413,0],[66.799261,24.84541,0],[66.799302,24.845438,0],[66.799347,24.845491,0],[66.799398,24.845494,0],[66.799431,24.84548,0],[66.799483,24.84546,0],[66.799501,24.845419,0],[66.799507,24.845365,0],[66.799531,24.845325,0],[66.799567,24.845321,0],[66.79959,24.845297,0],[66.799606,24.845253,0],[66.799652,24.845252,0],[66.799663,24.845294,0],[66.799682,24.8453,0],[66.799732,24.845361,0],[66.799767,24.845409,0],[66.799818,24.845414,0],[66.799843,24.845417,0],[66.799918,24.845414,0],[66.800032,24.845395,0],[66.800118,24.845377,0],[66.800187,24.845351,0],[66.80022,24.84532,0],[66.800279,24.845314,0],[66.800346,24.845289,0],[66.800385,24.845246,0],[66.80043,24.845215,0],[66.800512,24.845161,0],[66.800513,24.845159,0],[66.800532,24.845126,0],[66.800525,24.845086,0],[66.800562,24.845061,0],[66.800604,24.845033,0],[66.80061,24.845004,0],[66.800622,24.84498,0],[66.80071,24.844978,0],[66.800812,24.844934,0],[66.800832,24.844959,0],[66.800929,24.844967,0],[66.800992,24.84497,0],[66.801062,24.84499,0],[66.801115,24.844984,0],[66.801148,24.844996,0],[66.801247,24.844966,0],[66.801379,24.844913,0],[66.801473,24.844892,0],[66.801624,24.844889,0],[66.801779,24.84484,0],[66.801871,24.844819,0],[66.802182,24.845107,0],[66.802293,24.845055,0],[66.802507,24.844954,0],[66.80303,24.844709,0],[66.80359,24.844446,0],[66.80415,24.844183,0],[66.804514,24.844012,0],[66.805683,24.843464,0],[66.80582,24.843223,0],[66.806043,24.843142,0],[66.80605,24.843139,0],[66.806052,24.843142,0],[66.80618,24.84328,0],[66.806518,24.843196,0],[66.806696,24.843152,0],[66.807231,24.843018,0],[66.807735,24.842505,0],[66.807889,24.842377,0],[66.808391,24.841959,0],[66.808531,24.841907,0],[66.809061,24.841708,0],[66.809813,24.841129,0],[66.809883,24.841108,0],[66.810539,24.840911,0],[66.810635,24.840882,0],[66.811133,24.840732,0],[66.811727,24.84032,0],[66.811941,24.840171,0],[66.812099,24.839861,0],[66.812332,24.839569,0],[66.812554,24.83948,0],[66.813279,24.839189,0],[66.81375,24.839,0],[66.813964,24.838743,0],[66.814165,24.838674,0],[66.814499,24.83856,0],[66.814561,24.838516,0],[66.814783,24.838356,0],[66.815116,24.838117,0],[66.814727,24.838615,0],[66.814555,24.838835,0],[66.814513,24.83889,0],[66.814553,24.838964,0],[66.814807,24.839432,0],[66.81526,24.839664,0],[66.816267,24.839731,0],[66.816532,24.839609,0],[66.81736,24.839226,0],[66.81854,24.83856,0],[66.818589,24.838533,0],[66.818953,24.838416,0],[66.81914,24.838575,0],[66.818772,24.838969,0],[66.818539,24.839261,0],[66.818856,24.839578,0],[66.819085,24.839564,0],[66.818986,24.839753,0],[66.819115,24.839998,0],[66.819627,24.840093,0],[66.819867,24.839981,0],[66.820341,24.839806,0],[66.820086,24.839685,0],[66.819918,24.8395,0],[66.82052,24.839161,0],[66.821604,24.838548,0],[66.821899,24.838774,0],[66.821836,24.839112,0],[66.821534,24.839263,0],[66.821558,24.839537,0],[66.821943,24.839517,0],[66.822367,24.839744,0],[66.822499,24.839793,0],[66.823019,24.839988,0],[66.822947,24.840078,0],[66.822559,24.840216,0],[66.822489,24.840343,0],[66.822447,24.840418,0],[66.822415,24.840476,0],[66.822353,24.84059,0],[66.822219,24.840901,0],[66.822082,24.841393,0],[66.821949,24.841665,0],[66.822354,24.842543,0],[66.822447,24.842743,0],[66.822457,24.842766,0],[66.822899,24.843389,0],[66.823362,24.844041,0],[66.824219,24.844796,0],[66.824272,24.844936,0],[66.824393,24.845261,0],[66.824478,24.84549,0],[66.824385,24.845709,0],[66.824374,24.845735,0],[66.824043,24.845913,0],[66.823901,24.846149,0],[66.823896,24.846158,0],[66.823992,24.84631,0],[66.824262,24.846735,0],[66.824364,24.846897,0],[66.824396,24.846946,0],[66.824476,24.847046,0],[66.824979,24.84767,0],[66.825405,24.848196,0],[66.825431,24.848216,0],[66.825764,24.848466,0],[66.826102,24.84872,0],[66.826133,24.848744,0],[66.826308,24.848926,0],[66.826308,24.848926,0],[66.826732,24.849368,0],[66.826764,24.849388,0],[66.826954,24.849508,0],[66.826982,24.849772,0],[66.826862,24.849926,0],[66.827791,24.850613,0],[66.827912,24.850666,0],[66.827958,24.850804,0],[66.827947,24.851034,0],[66.827918,24.851688,0],[66.827917,24.85177,0],[66.827935,24.851789,0],[66.828041,24.851899,0],[66.828057,24.852003,0],[66.828284,24.852116,0],[66.828379,24.852185,0],[66.828385,24.852189,0],[66.828498,24.852273,0],[66.828581,24.852362,0],[66.82856,24.852483,0],[66.828589,24.852566,0],[66.828611,24.85267,0],[66.828592,24.85273,0],[66.828698,24.852852,0],[66.828781,24.852947,0],[66.828805,24.852963,0],[66.828927,24.853043,0],[66.829009,24.853098,0],[66.829167,24.853202,0],[66.829352,24.853324,0],[66.829541,24.85343,0],[66.829811,24.853582,0],[66.829912,24.853639,0],[66.829956,24.853659,0],[66.830094,24.853724,0],[66.83023,24.853788,0],[66.83036,24.853849,0],[66.830492,24.853896,0],[66.830916,24.854048,0],[66.830952,24.854061,0],[66.831167,24.854168,0],[66.831255,24.854318,0],[66.831592,24.854423,0],[66.831698,24.854456,0],[66.832183,24.8546,0],[66.832345,24.854558,0],[66.832443,24.854533,0],[66.832564,24.854501,0],[66.833286,24.857885,0],[66.833349,24.857905,0],[66.833416,24.857964,0],[66.833445,24.857989,0],[66.833484,24.858025,0],[66.833582,24.858071,0],[66.833648,24.858101,0],[66.833667,24.858146,0],[66.833623,24.858201,0],[66.833619,24.858284,0],[66.833562,24.858374,0],[66.833566,24.858439,0],[66.833555,24.858503,0],[66.833546,24.858559,0],[66.833535,24.858603,0],[66.833552,24.858658,0],[66.833573,24.858686,0],[66.833614,24.85874,0],[66.833669,24.858799,0],[66.833746,24.858879,0],[66.833819,24.858907,0],[66.833888,24.858934,0],[66.833927,24.858949,0],[66.833964,24.85897,0],[66.834063,24.859027,0],[66.834145,24.859123,0],[66.834271,24.859176,0],[66.834355,24.859203,0],[66.834597,24.859308,0],[66.834775,24.859372,0],[66.835101,24.859489,0],[66.835177,24.859535,0],[66.835389,24.859596,0],[66.835498,24.859597,0],[66.835615,24.859658,0],[66.835921,24.859816,0],[66.836066,24.859875,0],[66.836079,24.85988,0],[66.836393,24.860006,0],[66.836475,24.860046,0],[66.836682,24.860145,0],[66.836889,24.860236,0],[66.837095,24.86026,0],[66.837302,24.860284,0],[66.837648,24.86036,0],[66.837791,24.860392,0],[66.837792,24.860392,0],[66.83802,24.860442,0],[66.83806,24.860458,0],[66.838165,24.8605,0],[66.83827,24.860541,0],[66.838429,24.860571,0],[66.838526,24.860589,0],[66.838676,24.860565,0],[66.838853,24.86061,0],[66.839034,24.860712,0],[66.839223,24.860731,0],[66.839511,24.86076,0],[66.839692,24.860793,0],[66.84005,24.860856,0],[66.840331,24.860903,0],[66.840604,24.860948,0],[66.840751,24.860956,0],[66.840995,24.86097,0],[66.841934,24.861053,0],[66.841993,24.861155,0],[66.843513,24.861195,0],[66.843671,24.861269,0],[66.844921,24.861341,0],[66.845481,24.861372,0],[66.846241,24.861369,0],[66.846329,24.861368,0],[66.846337,24.861368,0],[66.846691,24.861357,0],[66.846798,24.861365,0],[66.84838,24.86148,0],[66.849221,24.86153,0],[66.850052,24.861366,0],[66.850423,24.861293,0],[66.850837,24.861211,0],[66.854065,24.860573,0],[66.854673,24.861119,0],[66.854802,24.861236,0],[66.854846,24.861275,0],[66.855082,24.861237,0],[66.857594,24.860837,0],[66.858304,24.860695,0],[66.858983,24.860603,0],[66.859623,24.860509,0],[66.859969,24.860458,0],[66.860468,24.860316,0],[66.862608,24.859706,0],[66.86489,24.859056,0],[66.866342,24.858642,0],[66.867564,24.858327,0],[66.869841,24.857738,0],[66.871925,24.856917,0],[66.873897,24.85614,0],[66.874823,24.855775,0],[66.879929,24.853284,0],[66.88706,24.849587,0],[66.890957,24.847567,0],[66.892124,24.846962,0],[66.892511,24.846684,0],[66.896385,24.844153,0],[66.897721,24.84328,0],[66.898262,24.843117,0],[66.899032,24.84326,0],[66.899836,24.843653,0],[66.900626,24.844166,0],[66.901464,24.844906,0],[66.902314,24.845742,0],[66.902824,24.845797,0],[66.903081,24.846039,0],[66.903497,24.846212,0],[66.90377,24.846324,0],[66.90402,24.846256,0],[66.904083,24.846388,0],[66.903988,24.846613,0],[66.904051,24.846722,0],[66.904179,24.846903,0],[66.904962,24.846281,0],[66.905185,24.84626,0],[66.905272,24.8465,0],[66.905019,24.846795,0],[66.905158,24.847048,0],[66.905646,24.846864,0],[66.905999,24.846892,0],[66.906805,24.847178,0],[66.90754,24.847845,0],[66.9082,24.848285,0],[66.908266,24.848262,0],[66.908667,24.848554,0],[66.908751,24.849009,0],[66.9089,24.849477,0],[66.909071,24.849431,0],[66.909156,24.84905,0],[66.909638,24.849153,0],[66.909618,24.849594,0],[66.909614,24.849821,0],[66.909829,24.85029,0],[66.910203,24.850594,0],[66.910722,24.85084,0],[66.911767,24.85101,0],[66.912119,24.851098,0],[66.912862,24.851228,0],[66.913529,24.851285,0],[66.913564,24.85156,0],[66.913952,24.851805,0],[66.915983,24.852442,0],[66.917232,24.852913,0],[66.913837,24.854741,0],[66.913492,24.855034,0],[66.913667,24.855539,0],[66.913941,24.857623,0],[66.917776,24.857402,0],[66.917905,24.857407,0],[66.928733,24.857813,0],[66.928986,24.857523,0],[66.931738,24.854372,0],[66.938125,24.858563,0],[66.943691,24.857532,0],[66.949101,24.858855,0],[66.955612,24.860447,0],[66.965999,24.866866,0],[66.968354,24.869373,0],[66.971038,24.868267,0],[66.97277,24.867553,0],[66.972059,24.865723,0],[66.97065,24.865417,0],[66.972131,24.862905,0],[66.972717,24.862292,0],[66.97328,24.863088,0],[66.973826,24.863334,0],[66.974178,24.862575,0],[66.973661,24.86221,0],[66.974064,24.861522,0],[66.974431,24.861504,0],[66.974322,24.860164,0],[66.974201,24.859331,0],[66.973875,24.857101,0],[66.974964,24.856136,0],[66.976238,24.855031,0],[66.976953,24.854563,0],[66.97779,24.854598,0],[66.9774,24.852826,0],[66.976041,24.852688,0],[66.974954,24.850308,0],[66.974126,24.8481,0],[66.973498,24.848091,0],[66.973575,24.846563,0],[66.974809,24.847966,0],[66.977129,24.851771,0],[66.9776,24.851801,0],[66.979581,24.850729,0],[66.978788,24.849572,0],[66.977709,24.84994,0],[66.975345,24.84556,0],[66.974275,24.843778,0],[66.973179,24.841996,0],[66.972272,24.839786,0],[66.973851,24.839282,0],[66.972885,24.837525,0],[66.971673,24.838034,0],[66.970894,24.836017,0],[66.970328,24.835389,0],[66.970728,24.834988,0],[66.970373,24.834291,0],[66.970171,24.833834,0],[66.969261,24.831863,0],[66.968968,24.830545,0],[66.968963,24.826031,0],[66.969179,24.825604,0],[66.969784,24.825445,0],[66.970403,24.826003,0],[66.973999,24.831784,0],[66.977235,24.837226,0],[66.980042,24.841635,0],[66.980372,24.842284,0],[66.982842,24.843297,0],[66.985419,24.844192,0],[66.986957,24.844595,0],[66.987334,24.844618,0],[66.990801,24.844838,0],[66.992466,24.843904,0],[66.994486,24.84282,0],[66.997447,24.841821,0],[66.998082,24.841399,0],[67.002152,24.83977,0],[67.007562,24.837872,0],[67.007632,24.838374,0],[67.008791,24.837936,0],[67.010075,24.837845,0],[67.010766,24.838034,0],[67.010996,24.838359,0],[67.011736,24.838739,0],[67.011947,24.838647,0],[67.01386,24.836893,0],[67.013589,24.836614,0],[67.013921,24.836308,0],[67.014219,24.836491,0],[67.014915,24.836393,0],[67.01531,24.836243,0],[67.015748,24.835807,0],[67.016381,24.836341,0],[67.016815,24.837051,0],[67.017611,24.838017,0],[67.018105,24.838251,0],[67.018468,24.838447,0],[67.018887,24.838416,0],[67.019361,24.838267,0],[67.019679,24.837997,0],[67.020063,24.837739,0],[67.020343,24.837432,0],[67.020463,24.837267,0],[67.020777,24.837295,0],[67.020746,24.837545,0],[67.021131,24.838052,0],[67.02154,24.838654,0],[67.02169,24.839098,0],[67.021618,24.839515,0],[67.021545,24.840004,0],[67.021471,24.841353,0],[67.02178,24.844999,0],[67.019663,24.843944,0],[67.018519,24.843487,0],[67.017032,24.843121,0],[67.016655,24.843009,0],[67.015466,24.842873,0],[67.014417,24.842955,0],[67.012977,24.842984,0],[67.010282,24.842936,0],[67.009734,24.842809,0],[67.008016,24.843001,0],[67.00665,24.843317,0],[67.005128,24.843536,0],[67.0022,24.844154,0],[66.998603,24.844822,0],[66.996055,24.845361,0],[66.995479,24.845389,0],[66.9945,24.845209,0],[66.993628,24.844876,0],[66.992147,24.845787,0],[66.993514,24.847071,0],[66.993613,24.847407,0],[66.991541,24.849266,0],[66.991716,24.849818,0],[66.992635,24.851216,0],[66.992941,24.851851,0],[66.992307,24.852967,0],[66.992047,24.853425,0],[66.990903,24.85361,0],[66.988193,24.85408,0],[66.987146,24.856694,0],[66.987123,24.856926,0],[66.987096,24.857199,0],[66.987112,24.860706,0],[66.987058,24.86145,0],[66.986657,24.862926,0],[66.98632,24.863695,0],[66.985475,24.864821,0],[66.983471,24.866322,0],[66.983177,24.866523,0],[66.982127,24.86724,0],[66.980231,24.868533,0],[66.975594,24.871453,0],[66.971807,24.873437,0],[66.969813,24.874298,0],[66.967993,24.875134,0],[66.966487,24.875973,0],[66.965455,24.876632,0],[66.965003,24.877343,0],[66.964827,24.877479,0],[66.964514,24.877331,0],[66.964161,24.876825,0],[66.962087,24.873083,0],[66.958496,24.874762,0],[66.958769,24.875052,0],[66.960219,24.87854,0],[66.963333,24.878382,0],[66.96389,24.878202,0],[66.96524,24.879223,0],[66.965433,24.879885,0],[66.966195,24.8813,0],[66.967025,24.883418,0],[66.966942,24.883661,0],[66.970098,24.886656,0],[66.971009,24.887628,0],[66.971141,24.889192,0],[66.97414,24.889276,0],[66.975422,24.889695,0],[66.979169,24.891179,0],[66.979196,24.891394,0],[66.97855,24.892517,0],[66.977298,24.89316,0],[66.973288,24.895312,0],[66.97286,24.89555,0],[66.972618,24.895934,0],[66.970093,24.899482,0],[66.969832,24.899686,0],[66.965297,24.903234,0],[66.962296,24.905543,0],[66.962147,24.905669,0],[66.958552,24.908711,0],[66.956489,24.910485,0],[66.956386,24.910574,0],[66.952408,24.914077,0],[66.950164,24.916101,0],[66.947582,24.920722,0],[66.947368,24.921107,0],[66.945142,24.925064,0],[66.944939,24.925425,0],[66.940906,24.931661,0],[66.936712,24.938123,0],[66.934689,24.941635,0],[66.934682,24.94166,0],[66.934505,24.942277,0],[66.932592,24.945819,0],[66.931854,24.946669,0],[66.930527,24.948972,0],[66.92804,24.952936,0],[66.926334,24.955305,0],[66.925605,24.956613,0],[66.923136,24.959488,0],[66.923771,24.960944,0],[66.933329,24.966939,0],[66.935465,24.964293,0],[66.935349,24.963703,0],[66.93831,24.964812,0],[66.938861,24.964247,0],[66.939228,24.964395,0],[66.941703,24.960703,0],[66.94322,24.958317,0],[66.943698,24.959391,0],[66.944975,24.960548,0],[66.946783,24.96101,0],[66.949122,24.961708,0],[66.948459,24.96329,0],[66.950524,24.96392,0],[66.949942,24.96536,0],[66.9486,24.968537,0],[66.947108,24.971311,0],[66.949633,24.972594,0],[66.951854,24.973765,0],[66.950114,24.976762,0],[66.95076,24.977327,0],[66.950971,24.97764,0],[66.950942,24.977831,0],[66.950322,24.978961,0],[66.950556,24.979078,0],[66.92594,25.010821,0],[66.917116,25.012763,0],[66.915918,25.012964,0],[66.915419,25.013049,0],[66.915388,25.013054,0],[66.915245,25.013078,0],[66.914743,25.013178,0],[66.914701,25.013186,0],[66.914381,25.01325,0],[66.913941,25.013337,0],[66.91357,25.013411,0],[66.913569,25.013411,0],[66.913345,25.013456,0],[66.913166,25.013491,0],[66.91306,25.013512,0],[66.912686,25.013474,0],[66.912394,25.013444,0],[66.911959,25.0134,0],[66.911956,25.0134,0]]]}]},"properties":{"name":"Keamari Town","description":{"@type":"html","value":"<html xmlns:fo=\"http://www.w3.org/1999/XSL/Format\" xmlns:msxsl=\"urn:schemas-microsoft-com:xslt\">\n\n<head>\n\n<META http-equiv=\"Content-Type\" content=\"text/html\">\n\n<meta http-equiv=\"content-type\" content=\"text/html; charset=UTF-8\">\n\n</head>\n\n<body style=\"margin:0px 0px 0px 0px;overflow:auto;background:#FFFFFF;\">\n\n<table style=\"font-family:Arial,Verdana,Times;font-size:12px;text-align:left;width:100%;border-collapse:collapse;padding:3px 3px 3px 3px\">\n\n<tr style=\"text-align:center;font-weight:bold;background:#9CBCE2\">\n\n<td>Keamari Town</td>\n\n</tr>\n\n<tr>\n\n<td>\n\n<table style=\"font-family:Arial,Verdana,Times;font-size:12px;text-align:left;width:100%;border-spacing:0px; padding:3px 3px 3px 3px\">\n\n<tr>\n\n<td>FID</td>\n\n<td>8</td>\n\n</tr>\n\n<tr bgcolor=\"#D4E4F3\">\n\n<td>name</td>\n\n<td>Keamari Town</td>\n\n</tr>\n\n</table>\n\n</td>\n\n</tr>\n\n</table>\n\n</body><script type=\"text/javascript\">\n\n\t\t\t\tfunction changeImage(attElement, nameElement) {\n\n\t\t\t\tdocument.getElementById('imageAttachment').src = attElement;\n\n\t\t\t\tdocument.getElementById('imageName').innerHTML = nameElement;}\n\n\t\t\t</script></html>\n\n"},"styleUrl":"#PolyStyle00","fill-opacity":0,"fill":"#cae4fc","stroke-opacity":1,"stroke":"#000000","stroke-width":0.7,"label-opacity":0,"label-color":"#000000","label-scale":0},"id":"ID_00008"},{"type":"Feature","geometry":{"type":"Polygon","coordinates":[[[67.142967,24.839208,0],[67.134526,24.837472,0],[67.121762,24.834846,0],[67.120812,24.838823,0],[67.111874,24.836997,0],[67.109226,24.836456,0],[67.102024,24.834979,0],[67.092694,24.833128,0],[67.09352,24.829661,0],[67.097467,24.827454,0],[67.098203,24.826389,0],[67.099494,24.8241,0],[67.100159,24.822604,0],[67.100665,24.821117,0],[67.097616,24.82201,0],[67.093343,24.823317,0],[67.091867,24.823943,0],[67.086434,24.826668,0],[67.086702,24.82967,0],[67.086275,24.831909,0],[67.082817,24.831244,0],[67.080353,24.830603,0],[67.079987,24.830587,0],[67.079217,24.829574,0],[67.076657,24.826722,0],[67.076957,24.825926,0],[67.078389,24.824726,0],[67.078658,24.824287,0],[67.078529,24.824131,0],[67.079737,24.823059,0],[67.079911,24.822775,0],[67.083616,24.820135,0],[67.086333,24.822989,0],[67.086637,24.822785,0],[67.085578,24.819522,0],[67.092628,24.819918,0],[67.093486,24.814483,0],[67.094044,24.812197,0],[67.094368,24.80938,0],[67.094538,24.808581,0],[67.095045,24.806197,0],[67.097847,24.806376,0],[67.100574,24.806688,0],[67.106415,24.807383,0],[67.105786,24.810261,0],[67.104506,24.815242,0],[67.103259,24.820127,0],[67.106495,24.81798,0],[67.108061,24.816861,0],[67.108294,24.816694,0],[67.110795,24.815407,0],[67.115491,24.812944,0],[67.115637,24.812965,0],[67.118497,24.813546,0],[67.121952,24.814182,0],[67.125636,24.814925,0],[67.126136,24.815132,0],[67.126508,24.815404,0],[67.126789,24.815561,0],[67.13208,24.81664,0],[67.132778,24.813371,0],[67.133459,24.809854,0],[67.134386,24.805308,0],[67.135214,24.805204,0],[67.135533,24.80559,0],[67.135462,24.806143,0],[67.13734,24.809329,0],[67.138383,24.809581,0],[67.1447,24.810672,0],[67.145088,24.808556,0],[67.144659,24.806401,0],[67.144051,24.80368,0],[67.143804,24.802664,0],[67.143942,24.802541,0],[67.144216,24.801694,0],[67.144983,24.80221,0],[67.146367,24.80281,0],[67.146578,24.802875,0],[67.149827,24.803488,0],[67.151494,24.803824,0],[67.155156,24.804636,0],[67.156025,24.804769,0],[67.157356,24.805043,0],[67.158418,24.805436,0],[67.160641,24.806431,0],[67.164809,24.808109,0],[67.166084,24.808375,0],[67.169106,24.808967,0],[67.168171,24.81271,0],[67.163224,24.811732,0],[67.161846,24.811472,0],[67.15994,24.819032,0],[67.159769,24.819709,0],[67.159282,24.821824,0],[67.159382,24.822005,0],[67.159481,24.822185,0],[67.158758,24.825394,0],[67.158476,24.825369,0],[67.157976,24.827348,0],[67.156862,24.826746,0],[67.150073,24.825423,0],[67.150073,24.825422,0],[67.146393,24.824703,0],[67.145922,24.826699,0],[67.142967,24.839208,0]]]},"properties":{"name":"Korangi Town","description":{"@type":"html","value":"<html xmlns:fo=\"http://www.w3.org/1999/XSL/Format\" xmlns:msxsl=\"urn:schemas-microsoft-com:xslt\">\n\n<head>\n\n<META http-equiv=\"Content-Type\" content=\"text/html\">\n\n<meta http-equiv=\"content-type\" content=\"text/html; charset=UTF-8\">\n\n</head>\n\n<body style=\"margin:0px 0px 0px 0px;overflow:auto;background:#FFFFFF;\">\n\n<table style=\"font-family:Arial,Verdana,Times;font-size:12px;text-align:left;width:100%;border-collapse:collapse;padding:3px 3px 3px 3px\">\n\n<tr style=\"text-align:center;font-weight:bold;background:#9CBCE2\">\n\n<td>Korangi Town</td>\n\n</tr>\n\n<tr>\n\n<td>\n\n<table style=\"font-family:Arial,Verdana,Times;font-size:12px;text-align:left;width:100%;border-spacing:0px; padding:3px 3px 3px 3px\">\n\n<tr>\n\n<td>FID</td>\n\n<td>9</td>\n\n</tr>\n\n<tr bgcolor=\"#D4E4F3\">\n\n<td>name</td>\n\n<td>Korangi Town</td>\n\n</tr>\n\n</table>\n\n</td>\n\n</tr>\n\n</table>\n\n</body><script type=\"text/javascript\">\n\n\t\t\t\tfunction changeImage(attElement, nameElement) {\n\n\t\t\t\tdocument.getElementById('imageAttachment').src = attElement;\n\n\t\t\t\tdocument.getElementById('imageName').innerHTML = nameElement;}\n\n\t\t\t</script></html>\n\n"},"styleUrl":"#PolyStyle00","fill-opacity":0,"fill":"#cae4fc","stroke-opacity":1,"stroke":"#000000","stroke-width":0.7,"label-opacity":0,"label-color":"#000000","label-scale":0},"id":"ID_00009"},{"type":"Feature","geometry":{"type":"Polygon","coordinates":[[[67.202829,24.844911,0],[67.204911,24.846219,0],[67.202212,24.849095,0],[67.201754,24.85092,0],[67.198264,24.850178,0],[67.194775,24.849436,0],[67.193186,24.849119,0],[67.184448,24.847371,0],[67.177275,24.845994,0],[67.1729,24.845186,0],[67.168575,24.844388,0],[67.168167,24.844301,0],[67.160955,24.842766,0],[67.159473,24.842451,0],[67.154637,24.841492,0],[67.152687,24.841106,0],[67.142967,24.839208,0],[67.145922,24.826699,0],[67.146393,24.824703,0],[67.150073,24.825422,0],[67.150073,24.825423,0],[67.156862,24.826746,0],[67.157976,24.827348,0],[67.158476,24.825369,0],[67.158758,24.825394,0],[67.159481,24.822185,0],[67.159382,24.822005,0],[67.159282,24.821824,0],[67.159769,24.819709,0],[67.15994,24.819032,0],[67.161846,24.811472,0],[67.163224,24.811732,0],[67.168171,24.81271,0],[67.169106,24.808967,0],[67.175076,24.809785,0],[67.177024,24.810017,0],[67.17712,24.809842,0],[67.177948,24.809863,0],[67.177988,24.810118,0],[67.178202,24.81013,0],[67.179088,24.812195,0],[67.179842,24.814318,0],[67.180116,24.814346,0],[67.180525,24.815055,0],[67.180904,24.815956,0],[67.181739,24.816133,0],[67.181867,24.816362,0],[67.18234,24.817968,0],[67.18235,24.818195,0],[67.182081,24.818573,0],[67.182279,24.818618,0],[67.182238,24.818938,0],[67.182295,24.819,0],[67.182277,24.819139,0],[67.182385,24.819245,0],[67.182448,24.819246,0],[67.18246,24.819475,0],[67.182518,24.819471,0],[67.182572,24.819739,0],[67.182655,24.81975,0],[67.182668,24.819956,0],[67.182746,24.819971,0],[67.182724,24.820391,0],[67.183147,24.820468,0],[67.182965,24.82112,0],[67.183226,24.82119,0],[67.182857,24.822758,0],[67.184527,24.823107,0],[67.184443,24.823493,0],[67.184719,24.823592,0],[67.184517,24.824517,0],[67.191828,24.819087,0],[67.193519,24.820164,0],[67.194672,24.821544,0],[67.199296,24.826492,0],[67.198359,24.827173,0],[67.195771,24.829125,0],[67.19803,24.829678,0],[67.198183,24.829574,0],[67.198478,24.829629,0],[67.206417,24.831107,0],[67.205271,24.835696,0],[67.205262,24.835732,0],[67.20438,24.839513,0],[67.204099,24.84072,0],[67.203879,24.840688,0],[67.202829,24.844911,0]]]},"properties":{"name":"Landhi Town","description":{"@type":"html","value":"<html xmlns:fo=\"http://www.w3.org/1999/XSL/Format\" xmlns:msxsl=\"urn:schemas-microsoft-com:xslt\">\n\n<head>\n\n<META http-equiv=\"Content-Type\" content=\"text/html\">\n\n<meta http-equiv=\"content-type\" content=\"text/html; charset=UTF-8\">\n\n</head>\n\n<body style=\"margin:0px 0px 0px 0px;overflow:auto;background:#FFFFFF;\">\n\n<table style=\"font-family:Arial,Verdana,Times;font-size:12px;text-align:left;width:100%;border-collapse:collapse;padding:3px 3px 3px 3px\">\n\n<tr style=\"text-align:center;font-weight:bold;background:#9CBCE2\">\n\n<td>Landhi Town</td>\n\n</tr>\n\n<tr>\n\n<td>\n\n<table style=\"font-family:Arial,Verdana,Times;font-size:12px;text-align:left;width:100%;border-spacing:0px; padding:3px 3px 3px 3px\">\n\n<tr>\n\n<td>FID</td>\n\n<td>10</td>\n\n</tr>\n\n<tr bgcolor=\"#D4E4F3\">\n\n<td>name</td>\n\n<td>Landhi Town</td>\n\n</tr>\n\n</table>\n\n</td>\n\n</tr>\n\n</table>\n\n</body><script type=\"text/javascript\">\n\n\t\t\t\tfunction changeImage(attElement, nameElement) {\n\n\t\t\t\tdocument.getElementById('imageAttachment').src = attElement;\n\n\t\t\t\tdocument.getElementById('imageName').innerHTML = nameElement;}\n\n\t\t\t</script></html>\n\n"},"styleUrl":"#PolyStyle00","fill-opacity":0,"fill":"#cae4fc","stroke-opacity":1,"stroke":"#000000","stroke-width":0.7,"label-opacity":0,"label-color":"#000000","label-scale":0},"id":"ID_00010"},{"type":"Feature","geometry":{"type":"Polygon","coordinates":[[[67.047321,24.923639,0],[67.047167,24.92336,0],[67.047186,24.923145,0],[67.047134,24.922947,0],[67.04689,24.922758,0],[67.046578,24.922618,0],[67.046138,24.922608,0],[67.045556,24.922626,0],[67.045298,24.922547,0],[67.04503,24.922325,0],[67.044594,24.922061,0],[67.044067,24.921607,0],[67.043648,24.921264,0],[67.043425,24.920935,0],[67.043324,24.920615,0],[67.043294,24.920278,0],[67.043257,24.919993,0],[67.042984,24.919876,0],[67.042569,24.919831,0],[67.042226,24.919806,0],[67.042132,24.919727,0],[67.042002,24.919496,0],[67.04196,24.919193,0],[67.041834,24.91889,0],[67.041691,24.918661,0],[67.041614,24.91855,0],[67.041363,24.918472,0],[67.041256,24.918396,0],[67.041135,24.918209,0],[67.041009,24.917837,0],[67.040938,24.917601,0],[67.040782,24.917294,0],[67.040691,24.917072,0],[67.040514,24.916896,0],[67.040314,24.916706,0],[67.040083,24.916383,0],[67.040037,24.916179,0],[67.039968,24.915993,0],[67.039852,24.91566,0],[67.039762,24.91534,0],[67.039734,24.915083,0],[67.039719,24.914736,0],[67.039765,24.914534,0],[67.039809,24.914425,0],[67.039995,24.914144,0],[67.040088,24.913959,0],[67.040154,24.913738,0],[67.040204,24.913574,0],[67.040154,24.913226,0],[67.040186,24.91295,0],[67.040345,24.912623,0],[67.040536,24.912435,0],[67.040756,24.912177,0],[67.040901,24.911953,0],[67.041034,24.911736,0],[67.040984,24.911456,0],[67.04084,24.911099,0],[67.04063,24.910717,0],[67.040525,24.910174,0],[67.040395,24.909951,0],[67.040451,24.90965,0],[67.04044,24.909335,0],[67.040267,24.909089,0],[67.039965,24.908806,0],[67.039535,24.908424,0],[67.03929,24.908291,0],[67.038941,24.907989,0],[67.038854,24.907791,0],[67.038777,24.907439,0],[67.038798,24.907052,0],[67.038884,24.906638,0],[67.038917,24.90628,0],[67.038817,24.905856,0],[67.038749,24.905447,0],[67.038748,24.905443,0],[67.038601,24.905129,0],[67.03846,24.904884,0],[67.038385,24.90436,0],[67.038461,24.903809,0],[67.038558,24.903398,0],[67.038602,24.903094,0],[67.038578,24.902886,0],[67.038452,24.902637,0],[67.038337,24.902464,0],[67.038104,24.902264,0],[67.037981,24.902119,0],[67.037621,24.902021,0],[67.037288,24.901948,0],[67.037081,24.901903,0],[67.036816,24.901734,0],[67.036636,24.901463,0],[67.036424,24.901224,0],[67.036398,24.901126,0],[67.036379,24.901055,0],[67.036249,24.900821,0],[67.036182,24.900332,0],[67.036288,24.900144,0],[67.03653,24.899954,0],[67.036732,24.899831,0],[67.03704,24.899763,0],[67.037268,24.899752,0],[67.037393,24.899804,0],[67.037627,24.899911,0],[67.037769,24.900135,0],[67.037931,24.90032,0],[67.038114,24.900394,0],[67.038358,24.900361,0],[67.038509,24.900284,0],[67.038882,24.900043,0],[67.039123,24.899683,0],[67.039343,24.899385,0],[67.039436,24.899119,0],[67.039384,24.898784,0],[67.039267,24.898228,0],[67.039158,24.897797,0],[67.039008,24.897666,0],[67.038586,24.897574,0],[67.038193,24.897569,0],[67.037633,24.897542,0],[67.037346,24.897438,0],[67.037099,24.897172,0],[67.037039,24.897033,0],[67.037083,24.896857,0],[67.037217,24.896691,0],[67.037454,24.89657,0],[67.037687,24.896459,0],[67.037857,24.89627,0],[67.037963,24.895908,0],[67.037879,24.895568,0],[67.03771,24.895322,0],[67.037522,24.894952,0],[67.037468,24.894712,0],[67.037399,24.894472,0],[67.0374,24.894057,0],[67.037417,24.893613,0],[67.037423,24.892906,0],[67.03923,24.893322,0],[67.040292,24.89324,0],[67.043632,24.893126,0],[67.043816,24.893119,0],[67.045132,24.893507,0],[67.046353,24.894144,0],[67.049745,24.895753,0],[67.050811,24.896227,0],[67.052125,24.896811,0],[67.056466,24.89805,0],[67.056934,24.89818,0],[67.058658,24.898656,0],[67.059686,24.89894,0],[67.059752,24.898984,0],[67.06049,24.899476,0],[67.06062,24.899578,0],[67.061188,24.900022,0],[67.062129,24.901838,0],[67.063669,24.905525,0],[67.064166,24.906716,0],[67.064482,24.907472,0],[67.062718,24.908546,0],[67.061856,24.909071,0],[67.057743,24.911791,0],[67.0561,24.912859,0],[67.051922,24.915649,0],[67.051606,24.91586,0],[67.051697,24.91604,0],[67.052049,24.916647,0],[67.052682,24.917408,0],[67.053622,24.918545,0],[67.050688,24.921244,0],[67.049408,24.922202,0],[67.047321,24.923639,0]]]},"properties":{"name":"Liaquatabad Town","description":{"@type":"html","value":"<html xmlns:fo=\"http://www.w3.org/1999/XSL/Format\" xmlns:msxsl=\"urn:schemas-microsoft-com:xslt\">\n\n<head>\n\n<META http-equiv=\"Content-Type\" content=\"text/html\">\n\n<meta http-equiv=\"content-type\" content=\"text/html; charset=UTF-8\">\n\n</head>\n\n<body style=\"margin:0px 0px 0px 0px;overflow:auto;background:#FFFFFF;\">\n\n<table style=\"font-family:Arial,Verdana,Times;font-size:12px;text-align:left;width:100%;border-collapse:collapse;padding:3px 3px 3px 3px\">\n\n<tr style=\"text-align:center;font-weight:bold;background:#9CBCE2\">\n\n<td>Liaquatabad Town</td>\n\n</tr>\n\n<tr>\n\n<td>\n\n<table style=\"font-family:Arial,Verdana,Times;font-size:12px;text-align:left;width:100%;border-spacing:0px; padding:3px 3px 3px 3px\">\n\n<tr>\n\n<td>FID</td>\n\n<td>11</td>\n\n</tr>\n\n<tr bgcolor=\"#D4E4F3\">\n\n<td>name</td>\n\n<td>Liaquatabad Town</td>\n\n</tr>\n\n</table>\n\n</td>\n\n</tr>\n\n</table>\n\n</body><script type=\"text/javascript\">\n\n\t\t\t\tfunction changeImage(attElement, nameElement) {\n\n\t\t\t\tdocument.getElementById('imageAttachment').src = attElement;\n\n\t\t\t\tdocument.getElementById('imageName').innerHTML = nameElement;}\n\n\t\t\t</script></html>\n\n"},"styleUrl":"#PolyStyle00","fill-opacity":0,"fill":"#cae4fc","stroke-opacity":1,"stroke":"#000000","stroke-width":0.7,"label-opacity":0,"label-color":"#000000","label-scale":0},"id":"ID_00011"},{"type":"Feature","geometry":{"type":"Polygon","coordinates":[[[67.009335,24.879417,0],[67.007798,24.880271,0],[67.007214,24.88056,0],[67.006895,24.880717,0],[67.005675,24.881346,0],[67.004399,24.881587,0],[67.00378,24.881623,0],[67.003408,24.881645,0],[67.001999,24.881368,0],[66.998293,24.881247,0],[66.994948,24.880657,0],[66.994862,24.880642,0],[66.993552,24.880051,0],[66.99089,24.878781,0],[66.987645,24.877233,0],[66.986505,24.876689,0],[66.982891,24.875099,0],[66.981732,24.874589,0],[66.977938,24.873148,0],[66.976534,24.872464,0],[66.976333,24.872366,0],[66.975594,24.871453,0],[66.980231,24.868533,0],[66.982127,24.86724,0],[66.983177,24.866523,0],[66.983471,24.866322,0],[66.985475,24.864821,0],[66.98632,24.863695,0],[66.986657,24.862926,0],[66.987058,24.86145,0],[66.987112,24.860706,0],[66.987096,24.857199,0],[66.987123,24.856926,0],[66.987146,24.856694,0],[66.988193,24.85408,0],[66.990903,24.85361,0],[66.992047,24.853425,0],[66.992307,24.852967,0],[66.992941,24.851851,0],[66.994627,24.853183,0],[66.99646,24.854055,0],[66.99657,24.854107,0],[66.998751,24.855225,0],[66.999142,24.855632,0],[66.999521,24.856162,0],[67.000226,24.859239,0],[67.000316,24.859498,0],[66.999824,24.860122,0],[66.999625,24.860798,0],[67.000321,24.861753,0],[67.002113,24.859121,0],[67.003105,24.861847,0],[67.001897,24.862108,0],[67.00386,24.863778,0],[67.004562,24.86438,0],[67.005172,24.864866,0],[67.005577,24.865119,0],[67.008165,24.866416,0],[67.00985,24.867132,0],[67.010338,24.867382,0],[67.010652,24.867725,0],[67.011047,24.868261,0],[67.01203,24.869994,0],[67.011912,24.870131,0],[67.010606,24.869291,0],[67.009412,24.870971,0],[67.009283,24.87118,0],[67.008954,24.871405,0],[67.008309,24.871831,0],[67.008365,24.871918,0],[67.009421,24.872997,0],[67.009901,24.873457,0],[67.010858,24.874201,0],[67.011068,24.874471,0],[67.013241,24.876435,0],[67.012951,24.876894,0],[67.012587,24.878017,0],[67.012285,24.878939,0],[67.012108,24.878924,0],[67.009335,24.879417,0]]]},"properties":{"name":"Lyari Town","description":{"@type":"html","value":"<html xmlns:fo=\"http://www.w3.org/1999/XSL/Format\" xmlns:msxsl=\"urn:schemas-microsoft-com:xslt\">\n\n<head>\n\n<META http-equiv=\"Content-Type\" content=\"text/html\">\n\n<meta http-equiv=\"content-type\" content=\"text/html; charset=UTF-8\">\n\n</head>\n\n<body style=\"margin:0px 0px 0px 0px;overflow:auto;background:#FFFFFF;\">\n\n<table style=\"font-family:Arial,Verdana,Times;font-size:12px;text-align:left;width:100%;border-collapse:collapse;padding:3px 3px 3px 3px\">\n\n<tr style=\"text-align:center;font-weight:bold;background:#9CBCE2\">\n\n<td>Lyari Town</td>\n\n</tr>\n\n<tr>\n\n<td>\n\n<table style=\"font-family:Arial,Verdana,Times;font-size:12px;text-align:left;width:100%;border-spacing:0px; padding:3px 3px 3px 3px\">\n\n<tr>\n\n<td>FID</td>\n\n<td>12</td>\n\n</tr>\n\n<tr bgcolor=\"#D4E4F3\">\n\n<td>name</td>\n\n<td>Lyari Town</td>\n\n</tr>\n\n</table>\n\n</td>\n\n</tr>\n\n</table>\n\n</body><script type=\"text/javascript\">\n\n\t\t\t\tfunction changeImage(attElement, nameElement) {\n\n\t\t\t\tdocument.getElementById('imageAttachment').src = attElement;\n\n\t\t\t\tdocument.getElementById('imageName').innerHTML = nameElement;}\n\n\t\t\t</script></html>\n\n"},"styleUrl":"#PolyStyle00","fill-opacity":0,"fill":"#cae4fc","stroke-opacity":1,"stroke":"#000000","stroke-width":0.7,"label-opacity":0,"label-color":"#000000","label-scale":0},"id":"ID_00012"},{"type":"Feature","geometry":{"type":"GeometryCollection","geometries":[{"type":"Polygon","coordinates":[[[67.163356,24.886964,0],[67.162152,24.886925,0],[67.160201,24.886925,0],[67.156379,24.886854,0],[67.151076,24.886872,0],[67.145511,24.88685,0],[67.143208,24.886786,0],[67.141925,24.88677,0],[67.13992,24.886852,0],[67.139883,24.88657,0],[67.139903,24.886105,0],[67.148589,24.885795,0],[67.154839,24.885502,0],[67.157311,24.885397,0],[67.160289,24.885271,0],[67.165736,24.885089,0],[67.167953,24.884954,0],[67.168097,24.885544,0],[67.16691,24.885717,0],[67.165289,24.886414,0],[67.164105,24.886817,0],[67.163356,24.886964,0]]]},{"type":"Polygon","coordinates":[[[67.227828,24.916533,0],[67.227681,24.916752,0],[67.227575,24.916805,0],[67.227398,24.91685,0],[67.227104,24.916805,0],[67.226893,24.91645,0],[67.224829,24.916521,0],[67.224414,24.915806,0],[67.223553,24.914159,0],[67.222232,24.911749,0],[67.217609,24.911765,0],[67.213818,24.911744,0],[67.213044,24.911364,0],[67.212588,24.911209,0],[67.212341,24.911057,0],[67.212485,24.910696,0],[67.213303,24.910648,0],[67.214204,24.911361,0],[67.215331,24.909497,0],[67.214253,24.909069,0],[67.21472,24.908272,0],[67.214833,24.906983,0],[67.21601,24.907055,0],[67.21584,24.905791,0],[67.215168,24.903332,0],[67.215774,24.902427,0],[67.216491,24.901357,0],[67.217481,24.899877,0],[67.215402,24.899093,0],[67.214564,24.898337,0],[67.212218,24.895385,0],[67.211854,24.89561,0],[67.210017,24.895474,0],[67.20867,24.895441,0],[67.207724,24.895418,0],[67.206986,24.895394,0],[67.206831,24.895235,0],[67.206579,24.89519,0],[67.204668,24.89485,0],[67.204448,24.894819,0],[67.204593,24.894592,0],[67.203093,24.894,0],[67.203459,24.892629,0],[67.203884,24.892534,0],[67.203763,24.892202,0],[67.203886,24.891821,0],[67.204767,24.889076,0],[67.204708,24.888817,0],[67.201965,24.888383,0],[67.201454,24.889982,0],[67.200388,24.889854,0],[67.200008,24.890022,0],[67.199521,24.89003,0],[67.198543,24.890276,0],[67.198246,24.890187,0],[67.199231,24.886774,0],[67.199404,24.886173,0],[67.198583,24.885839,0],[67.198498,24.885804,0],[67.197664,24.88803,0],[67.196669,24.886269,0],[67.195546,24.886786,0],[67.194924,24.886305,0],[67.194638,24.886546,0],[67.193989,24.885749,0],[67.19311,24.885739,0],[67.193136,24.886112,0],[67.192786,24.886423,0],[67.192593,24.886693,0],[67.192527,24.886921,0],[67.192161,24.887232,0],[67.192299,24.887478,0],[67.192216,24.887763,0],[67.192102,24.888063,0],[67.191751,24.888388,0],[67.191717,24.888603,0],[67.190761,24.888405,0],[67.190072,24.888253,0],[67.189913,24.888409,0],[67.188022,24.887684,0],[67.188498,24.887374,0],[67.188688,24.887276,0],[67.188883,24.886791,0],[67.188906,24.88629,0],[67.189042,24.885647,0],[67.189044,24.88546,0],[67.189454,24.885351,0],[67.190365,24.885419,0],[67.190866,24.885497,0],[67.191385,24.885517,0],[67.192405,24.883437,0],[67.188086,24.87897,0],[67.188705,24.878562,0],[67.188426,24.87833,0],[67.191353,24.875814,0],[67.191523,24.875651,0],[67.193775,24.873507,0],[67.195728,24.871008,0],[67.197712,24.868481,0],[67.20047,24.864659,0],[67.198191,24.864703,0],[67.196378,24.865183,0],[67.195335,24.864539,0],[67.194003,24.864294,0],[67.193707,24.864104,0],[67.192593,24.86399,0],[67.191867,24.864239,0],[67.190751,24.864298,0],[67.190513,24.864231,0],[67.189734,24.864013,0],[67.18533,24.863272,0],[67.184676,24.863279,0],[67.181717,24.863314,0],[67.180366,24.863311,0],[67.178567,24.863848,0],[67.177917,24.865288,0],[67.176896,24.866408,0],[67.176416,24.866947,0],[67.175348,24.868023,0],[67.172856,24.868695,0],[67.170236,24.869508,0],[67.1674,24.870075,0],[67.166177,24.869931,0],[67.164149,24.870035,0],[67.163816,24.869745,0],[67.162988,24.869434,0],[67.162421,24.869054,0],[67.161144,24.868301,0],[67.160543,24.868021,0],[67.159531,24.867922,0],[67.158909,24.868051,0],[67.157916,24.868268,0],[67.156955,24.868399,0],[67.156841,24.868431,0],[67.155993,24.868667,0],[67.154988,24.868917,0],[67.154595,24.867661,0],[67.154219,24.866461,0],[67.154483,24.866357,0],[67.154787,24.866157,0],[67.155085,24.86588,0],[67.155432,24.865449,0],[67.155641,24.865051,0],[67.155894,24.863878,0],[67.156643,24.860585,0],[67.157343,24.857512,0],[67.158168,24.854149,0],[67.159128,24.850303,0],[67.160156,24.846303,0],[67.160955,24.842766,0],[67.168167,24.844301,0],[67.168575,24.844388,0],[67.1729,24.845186,0],[67.177275,24.845994,0],[67.184448,24.847371,0],[67.193186,24.849119,0],[67.194775,24.849436,0],[67.198264,24.850178,0],[67.201754,24.85092,0],[67.202212,24.849095,0],[67.204911,24.846219,0],[67.202829,24.844911,0],[67.203879,24.840688,0],[67.204099,24.84072,0],[67.20438,24.839513,0],[67.212047,24.838477,0],[67.214691,24.838114,0],[67.218058,24.837717,0],[67.221827,24.837203,0],[67.223014,24.837081,0],[67.225315,24.83708,0],[67.226261,24.836818,0],[67.228916,24.836757,0],[67.234264,24.836784,0],[67.241007,24.836783,0],[67.245941,24.836841,0],[67.249756,24.836832,0],[67.250257,24.836628,0],[67.25336,24.836569,0],[67.258719,24.836596,0],[67.258794,24.834489,0],[67.264108,24.834503,0],[67.264113,24.836497,0],[67.265088,24.836527,0],[67.265013,24.838562,0],[67.264877,24.840806,0],[67.264832,24.842657,0],[67.264943,24.842706,0],[67.264872,24.843099,0],[67.264842,24.84381,0],[67.260902,24.843818,0],[67.258625,24.843801,0],[67.258644,24.849531,0],[67.258554,24.855966,0],[67.253715,24.85492,0],[67.250184,24.853574,0],[67.249136,24.853232,0],[67.248634,24.853155,0],[67.248054,24.853119,0],[67.247313,24.853283,0],[67.246667,24.853433,0],[67.243607,24.854343,0],[67.241097,24.854113,0],[67.239699,24.854096,0],[67.236616,24.854389,0],[67.234721,24.854536,0],[67.230813,24.854837,0],[67.22824,24.854834,0],[67.224949,24.854794,0],[67.225087,24.856724,0],[67.225454,24.859057,0],[67.225595,24.859625,0],[67.224964,24.859735,0],[67.224209,24.859867,0],[67.223598,24.860332,0],[67.223163,24.860652,0],[67.222677,24.861009,0],[67.221756,24.861693,0],[67.221433,24.86179,0],[67.220771,24.861933,0],[67.219557,24.862248,0],[67.218972,24.86247,0],[67.219034,24.863675,0],[67.21906,24.864557,0],[67.218722,24.864617,0],[67.21858,24.864665,0],[67.218466,24.865495,0],[67.218262,24.865464,0],[67.21698,24.865012,0],[67.216659,24.864936,0],[67.216407,24.864962,0],[67.216648,24.865689,0],[67.216088,24.865883,0],[67.215773,24.865943,0],[67.215592,24.86597,0],[67.215065,24.866028,0],[67.214892,24.865467,0],[67.213789,24.865719,0],[67.213358,24.864531,0],[67.212759,24.864646,0],[67.211617,24.864912,0],[67.211176,24.864978,0],[67.210522,24.865071,0],[67.209927,24.86497,0],[67.209598,24.864881,0],[67.209116,24.864588,0],[67.208633,24.864296,0],[67.208376,24.864099,0],[67.208092,24.864189,0],[67.207636,24.864269,0],[67.207251,24.864279,0],[67.206851,24.864203,0],[67.206538,24.864099,0],[67.206164,24.863908,0],[67.205855,24.863553,0],[67.205624,24.863235,0],[67.204986,24.864245,0],[67.204694,24.864831,0],[67.209836,24.866994,0],[67.209756,24.867462,0],[67.209548,24.870307,0],[67.209211,24.87206,0],[67.209174,24.872251,0],[67.209001,24.873348,0],[67.208953,24.873749,0],[67.208539,24.874852,0],[67.208986,24.876587,0],[67.209642,24.878315,0],[67.209687,24.878412,0],[67.211075,24.881371,0],[67.212816,24.883388,0],[67.213336,24.883605,0],[67.213788,24.883543,0],[67.214689,24.883535,0],[67.215223,24.883551,0],[67.21592,24.883865,0],[67.216437,24.88433,0],[67.217003,24.885005,0],[67.217217,24.885438,0],[67.217376,24.886051,0],[67.217664,24.886428,0],[67.21788,24.886698,0],[67.218242,24.886989,0],[67.218698,24.887338,0],[67.220523,24.888818,0],[67.222146,24.890259,0],[67.222706,24.890905,0],[67.223181,24.891603,0],[67.223469,24.892054,0],[67.22377,24.892995,0],[67.224047,24.894199,0],[67.224097,24.894827,0],[67.223934,24.895219,0],[67.223951,24.89544,0],[67.224197,24.895628,0],[67.22432,24.896161,0],[67.224427,24.896915,0],[67.224558,24.8974,0],[67.224983,24.897895,0],[67.225337,24.898281,0],[67.225444,24.898593,0],[67.225566,24.898756,0],[67.225898,24.898915,0],[67.22622,24.899277,0],[67.22661,24.899963,0],[67.227098,24.901103,0],[67.227427,24.901913,0],[67.227427,24.902367,0],[67.227263,24.902861,0],[67.22701,24.903545,0],[67.226584,24.904543,0],[67.225557,24.905355,0],[67.224857,24.90534,0],[67.22438,24.905269,0],[67.224025,24.905384,0],[67.223657,24.905911,0],[67.22361,24.906436,0],[67.223185,24.906419,0],[67.223368,24.90671,0],[67.223781,24.907527,0],[67.22405,24.90808,0],[67.224147,24.90864,0],[67.224384,24.910372,0],[67.22487,24.910445,0],[67.226608,24.910881,0],[67.227321,24.912366,0],[67.227693,24.913417,0],[67.227093,24.91362,0],[67.227445,24.915057,0],[67.227609,24.91585,0],[67.227794,24.91615,0],[67.227828,24.916533,0]]]},{"type":"Polygon","coordinates":[[[67.155816,24.926901,0],[67.154903,24.927673,0],[67.152953,24.929711,0],[67.152878,24.929616,0],[67.150252,24.926014,0],[67.148766,24.923961,0],[67.147991,24.923242,0],[67.147392,24.922854,0],[67.146933,24.922555,0],[67.146203,24.92198,0],[67.145381,24.921246,0],[67.144465,24.919944,0],[67.143555,24.918815,0],[67.143444,24.918642,0],[67.14337,24.918526,0],[67.143172,24.918137,0],[67.142774,24.916921,0],[67.142485,24.916251,0],[67.142241,24.915537,0],[67.142693,24.915368,0],[67.142664,24.915224,0],[67.143091,24.915043,0],[67.142743,24.914193,0],[67.143037,24.913672,0],[67.143121,24.913291,0],[67.143151,24.913119,0],[67.143348,24.913249,0],[67.143648,24.913521,0],[67.144127,24.913727,0],[67.1447,24.913954,0],[67.144968,24.914206,0],[67.145102,24.914399,0],[67.149078,24.912623,0],[67.149136,24.91291,0],[67.152033,24.915305,0],[67.153266,24.916325,0],[67.157043,24.919515,0],[67.156625,24.920122,0],[67.156065,24.921127,0],[67.156264,24.922544,0],[67.156949,24.923709,0],[67.159101,24.924127,0],[67.159519,24.924199,0],[67.160397,24.924334,0],[67.160775,24.9243,0],[67.161866,24.92419,0],[67.163189,24.924005,0],[67.163281,24.924179,0],[67.161942,24.924754,0],[67.161561,24.924998,0],[67.160749,24.926775,0],[67.161283,24.927045,0],[67.159954,24.927678,0],[67.159494,24.927596,0],[67.157994,24.927024,0],[67.157203,24.926651,0],[67.156387,24.926564,0],[67.155816,24.926901,0]]]}]},"properties":{"name":"Malir Town","description":{"@type":"html","value":"<html xmlns:fo=\"http://www.w3.org/1999/XSL/Format\" xmlns:msxsl=\"urn:schemas-microsoft-com:xslt\">\n\n<head>\n\n<META http-equiv=\"Content-Type\" content=\"text/html\">\n\n<meta http-equiv=\"content-type\" content=\"text/html; charset=UTF-8\">\n\n</head>\n\n<body style=\"margin:0px 0px 0px 0px;overflow:auto;background:#FFFFFF;\">\n\n<table style=\"font-family:Arial,Verdana,Times;font-size:12px;text-align:left;width:100%;border-collapse:collapse;padding:3px 3px 3px 3px\">\n\n<tr style=\"text-align:center;font-weight:bold;background:#9CBCE2\">\n\n<td>Malir Town</td>\n\n</tr>\n\n<tr>\n\n<td>\n\n<table style=\"font-family:Arial,Verdana,Times;font-size:12px;text-align:left;width:100%;border-spacing:0px; padding:3px 3px 3px 3px\">\n\n<tr>\n\n<td>FID</td>\n\n<td>13</td>\n\n</tr>\n\n<tr bgcolor=\"#D4E4F3\">\n\n<td>name</td>\n\n<td>Malir Town</td>\n\n</tr>\n\n</table>\n\n</td>\n\n</tr>\n\n</table>\n\n</body><script type=\"text/javascript\">\n\n\t\t\t\tfunction changeImage(attElement, nameElement) {\n\n\t\t\t\tdocument.getElementById('imageAttachment').src = attElement;\n\n\t\t\t\tdocument.getElementById('imageName').innerHTML = nameElement;}\n\n\t\t\t</script></html>\n\n"},"styleUrl":"#PolyStyle00","fill-opacity":0,"fill":"#cae4fc","stroke-opacity":1,"stroke":"#000000","stroke-width":0.7,"label-opacity":0,"label-color":"#000000","label-scale":0},"id":"ID_00013"},{"type":"Feature","geometry":{"type":"Polygon","coordinates":[[[67.071257,25.07269,0],[67.064008,25.075255,0],[67.060013,25.077242,0],[67.055021,25.079723,0],[67.055552,25.085941,0],[67.055515,25.08671,0],[67.055434,25.088392,0],[67.055416,25.088775,0],[67.055396,25.089187,0],[67.055348,25.097529,0],[67.053418,25.092173,0],[67.05101,25.089217,0],[67.048514,25.088801,0],[67.047385,25.088612,0],[67.045045,25.088222,0],[67.043923,25.087576,0],[67.043691,25.087056,0],[67.043254,25.086077,0],[67.042566,25.085781,0],[67.040835,25.079854,0],[67.034933,25.078973,0],[67.030963,25.078244,0],[67.026523,25.077429,0],[67.017788,25.076567,0],[67.015722,25.075852,0],[67.014163,25.074971,0],[67.012804,25.073348,0],[67.006337,25.060707,0],[66.999986,25.048755,0],[66.999264,25.046739,0],[66.987505,25.063644,0],[66.98528,25.066843,0],[66.97579,25.050957,0],[66.969761,25.041321,0],[66.958035,25.033804,0],[66.951165,25.030733,0],[66.945659,25.026071,0],[66.943442,25.017514,0],[66.938265,25.011996,0],[66.92594,25.010821,0],[66.950556,24.979078,0],[66.957971,24.982273,0],[66.959864,24.97906,0],[66.961361,24.976938,0],[66.966299,24.979249,0],[66.970334,24.981045,0],[66.970615,24.98117,0],[66.971235,24.982153,0],[66.967656,24.987536,0],[66.967967,24.987784,0],[66.966235,24.991744,0],[66.962467,24.995175,0],[66.962404,24.99999,0],[66.964988,25.003493,0],[66.965764,25.00412,0],[66.966831,25.006126,0],[66.967543,25.006838,0],[66.969119,25.004753,0],[66.970615,25.004616,0],[66.971842,25.00459,0],[66.973894,25.004131,0],[66.97508,25.003702,0],[66.977458,25.002574,0],[66.981946,25.001216,0],[66.98466,24.998348,0],[66.985462,24.997403,0],[66.98649,24.996641,0],[66.987874,24.996122,0],[66.98875,24.995151,0],[66.989282,24.992952,0],[66.990881,24.993203,0],[66.991149,24.990268,0],[66.99277,24.990211,0],[66.993509,24.990221,0],[66.993847,24.990183,0],[66.994455,24.990055,0],[66.995039,24.989898,0],[66.995687,24.98972,0],[66.996151,24.989669,0],[66.996763,24.989785,0],[66.997473,24.990131,0],[66.997645,24.989689,0],[66.997756,24.989161,0],[66.998021,24.98829,0],[66.998687,24.986821,0],[66.998973,24.986022,0],[66.998911,24.985333,0],[66.998452,24.984505,0],[66.998409,24.98397,0],[66.998478,24.983569,0],[66.998454,24.982432,0],[66.998327,24.981867,0],[66.998241,24.981388,0],[66.99829,24.980949,0],[66.998545,24.980083,0],[66.998347,24.979326,0],[66.998454,24.978572,0],[66.998227,24.976706,0],[66.998084,24.976169,0],[66.998103,24.975601,0],[66.998227,24.974713,0],[66.998311,24.974113,0],[66.998342,24.973846,0],[66.998151,24.973554,0],[66.997973,24.973282,0],[66.997665,24.971634,0],[66.997692,24.970584,0],[66.99754,24.970276,0],[66.997626,24.970144,0],[66.997652,24.969809,0],[66.997584,24.969474,0],[66.997719,24.969101,0],[66.997804,24.968866,0],[66.997837,24.968793,0],[66.997918,24.968619,0],[66.997911,24.968413,0],[66.99787,24.967997,0],[66.998026,24.966953,0],[66.998076,24.966619,0],[66.99825,24.966196,0],[66.998374,24.965706,0],[66.997919,24.965628,0],[66.998008,24.964989,0],[66.997947,24.964883,0],[66.997922,24.964783,0],[66.998072,24.964599,0],[66.998296,24.964377,0],[66.99835,24.964249,0],[66.998666,24.963498,0],[66.998872,24.963721,0],[66.999052,24.963618,0],[66.999187,24.963371,0],[66.999386,24.963064,0],[66.999557,24.96288,0],[66.999989,24.962435,0],[67.000175,24.962243,0],[67.000392,24.961754,0],[67.000878,24.961206,0],[67.001183,24.960814,0],[67.001768,24.960296,0],[67.002328,24.960624,0],[67.002892,24.959959,0],[67.003797,24.95889,0],[67.005266,24.95751,0],[67.006176,24.956615,0],[67.004737,24.95547,0],[67.004728,24.955326,0],[67.004688,24.955206,0],[67.004643,24.955072,0],[67.004671,24.954982,0],[67.004481,24.954754,0],[67.003859,24.953967,0],[67.003691,24.953699,0],[67.002274,24.951733,0],[67.003965,24.950831,0],[67.006833,24.94926,0],[67.007033,24.949624,0],[67.007639,24.950426,0],[67.007619,24.950467,0],[67.007747,24.950636,0],[67.007444,24.95084,0],[67.007716,24.951187,0],[67.008598,24.950712,0],[67.009845,24.950074,0],[67.010753,24.949694,0],[67.009695,24.947717,0],[67.01115,24.94696,0],[67.012275,24.946426,0],[67.013306,24.945876,0],[67.013564,24.945741,0],[67.013745,24.945586,0],[67.01391,24.945426,0],[67.014033,24.945303,0],[67.014161,24.945109,0],[67.013815,24.944841,0],[67.013563,24.944547,0],[67.013738,24.944377,0],[67.013844,24.944421,0],[67.015172,24.944958,0],[67.015769,24.945199,0],[67.016262,24.945356,0],[67.016541,24.944826,0],[67.016391,24.944641,0],[67.016126,24.94453,0],[67.016273,24.944195,0],[67.016336,24.944132,0],[67.016476,24.94399,0],[67.016611,24.943892,0],[67.016774,24.943804,0],[67.01701,24.943797,0],[67.01717,24.943853,0],[67.017482,24.943993,0],[67.017953,24.944297,0],[67.018226,24.94444,0],[67.01853,24.944569,0],[67.018737,24.94464,0],[67.018902,24.944653,0],[67.018894,24.944685,0],[67.018825,24.944892,0],[67.018787,24.945032,0],[67.018742,24.94517,0],[67.018839,24.945362,0],[67.018967,24.945502,0],[67.019208,24.945553,0],[67.019485,24.945571,0],[67.019695,24.945564,0],[67.019921,24.945496,0],[67.020244,24.945299,0],[67.02053,24.945083,0],[67.020799,24.945006,0],[67.020917,24.94484,0],[67.021745,24.946565,0],[67.022345,24.947375,0],[67.023161,24.948418,0],[67.024022,24.948007,0],[67.027365,24.94641,0],[67.027609,24.946736,0],[67.027842,24.947324,0],[67.027951,24.947875,0],[67.027986,24.948115,0],[67.029171,24.949396,0],[67.02954,24.949652,0],[67.030599,24.948973,0],[67.030998,24.948979,0],[67.031287,24.948941,0],[67.03157,24.948849,0],[67.031939,24.948746,0],[67.032157,24.948624,0],[67.03252,24.948419,0],[67.032681,24.948642,0],[67.032813,24.948943,0],[67.03279,24.949157,0],[67.033707,24.948746,0],[67.033428,24.948175,0],[67.033501,24.948116,0],[67.033235,24.947575,0],[67.032835,24.947134,0],[67.033674,24.946685,0],[67.034072,24.947156,0],[67.036195,24.949609,0],[67.038084,24.952063,0],[67.038863,24.953138,0],[67.039698,24.954372,0],[67.040137,24.955114,0],[67.040813,24.956092,0],[67.041447,24.957085,0],[67.041851,24.957725,0],[67.042045,24.958015,0],[67.042305,24.958171,0],[67.042464,24.958407,0],[67.04252,24.958804,0],[67.042685,24.958978,0],[67.042836,24.959367,0],[67.043063,24.959929,0],[67.043469,24.96078,0],[67.04371,24.961414,0],[67.043953,24.961651,0],[67.044056,24.961669,0],[67.043668,24.962228,0],[67.043926,24.962358,0],[67.043968,24.962674,0],[67.044033,24.96321,0],[67.044188,24.963685,0],[67.044364,24.96448,0],[67.044373,24.964789,0],[67.044401,24.965111,0],[67.044489,24.966122,0],[67.044556,24.966481,0],[67.044574,24.967001,0],[67.044503,24.967723,0],[67.044419,24.968498,0],[67.0446,24.969504,0],[67.044572,24.970423,0],[67.044571,24.970498,0],[67.044558,24.971283,0],[67.044674,24.972275,0],[67.045166,24.973476,0],[67.045908,24.97462,0],[67.046512,24.975333,0],[67.046194,24.975597,0],[67.0458,24.976318,0],[67.046123,24.977473,0],[67.046032,24.978552,0],[67.04593,24.980385,0],[67.045869,24.980576,0],[67.045477,24.980288,0],[67.045033,24.980234,0],[67.044836,24.981091,0],[67.044981,24.981846,0],[67.04507,24.982838,0],[67.045269,24.983533,0],[67.045522,24.984086,0],[67.046079,24.984511,0],[67.046931,24.985311,0],[67.048089,24.986664,0],[67.048926,24.988181,0],[67.048959,24.988241,0],[67.049356,24.988867,0],[67.050086,24.991575,0],[67.050198,24.992102,0],[67.050171,24.992317,0],[67.049501,24.991971,0],[67.049239,24.992613,0],[67.049616,24.992841,0],[67.049977,24.993039,0],[67.049718,24.99323,0],[67.049533,24.99335,0],[67.049208,24.993373,0],[67.049162,24.993381,0],[67.048681,24.993766,0],[67.04829,24.99405,0],[67.04793,24.994398,0],[67.047691,24.994634,0],[67.047378,24.994946,0],[67.047183,24.995278,0],[67.046997,24.995807,0],[67.046919,24.996243,0],[67.046897,24.997905,0],[67.045508,24.997992,0],[67.045119,24.998029,0],[67.044563,24.998108,0],[67.044531,24.998521,0],[67.044421,24.999081,0],[67.044082,24.99899,0],[67.043856,24.999955,0],[67.043925,24.999968,0],[67.04416,25.000028,0],[67.04524,25.000301,0],[67.045115,25.002291,0],[67.046559,25.002468,0],[67.046375,25.004156,0],[67.050957,25.00575,0],[67.053856,25.0059,0],[67.053927,25.005904,0],[67.064621,25.006408,0],[67.066122,25.006478,0],[67.072665,25.006802,0],[67.074765,25.006906,0],[67.076878,25.007022,0],[67.083282,25.007374,0],[67.089255,25.007623,0],[67.090825,25.007758,0],[67.091384,25.007902,0],[67.092642,25.008225,0],[67.10171,25.008685,0],[67.107682,25.008976,0],[67.113826,25.009327,0],[67.115574,25.011241,0],[67.124059,25.011792,0],[67.129368,25.007737,0],[67.130997,25.009354,0],[67.131103,25.009459,0],[67.13296,25.011504,0],[67.133516,25.012113,0],[67.136582,25.009622,0],[67.1367,25.009602,0],[67.137472,25.009024,0],[67.13776,25.008684,0],[67.141693,25.010624,0],[67.142857,25.011199,0],[67.14698,25.013142,0],[67.151265,25.014786,0],[67.152382,25.015156,0],[67.154157,25.016311,0],[67.155403,25.017172,0],[67.156578,25.017467,0],[67.157427,25.017492,0],[67.158135,25.017515,0],[67.159257,25.018188,0],[67.160158,25.018916,0],[67.160799,25.019224,0],[67.162054,25.014123,0],[67.165555,25.016718,0],[67.166163,25.017055,0],[67.169256,25.020351,0],[67.171628,25.017305,0],[67.17279,25.020723,0],[67.180209,25.01317,0],[67.181238,25.012257,0],[67.18214,25.011044,0],[67.18252,25.009765,0],[67.182767,25.008574,0],[67.195079,25.009112,0],[67.195066,25.007768,0],[67.197971,25.005316,0],[67.19845,25.004913,0],[67.20372,25.005245,0],[67.206658,25.008237,0],[67.206668,25.009849,0],[67.210861,25.0099,0],[67.211408,25.010623,0],[67.216018,25.009006,0],[67.218637,25.013755,0],[67.211256,25.018154,0],[67.212337,25.018227,0],[67.213133,25.019065,0],[67.213886,25.019858,0],[67.212783,25.021507,0],[67.211563,25.023331,0],[67.211099,25.024024,0],[67.210101,25.025515,0],[67.204964,25.031724,0],[67.199831,25.037604,0],[67.198017,25.039815,0],[67.197118,25.04082,0],[67.195988,25.041881,0],[67.195882,25.042029,0],[67.195185,25.043006,0],[67.195079,25.043096,0],[67.194189,25.04386,0],[67.193181,25.045519,0],[67.192781,25.045992,0],[67.18952,25.049356,0],[67.186983,25.052431,0],[67.181769,25.050396,0],[67.180575,25.049785,0],[67.178841,25.048897,0],[67.178211,25.051637,0],[67.177714,25.05315,0],[67.177284,25.054462,0],[67.177108,25.057446,0],[67.177514,25.063243,0],[67.175373,25.066203,0],[67.172642,25.069035,0],[67.1731,25.07137,0],[67.173472,25.074332,0],[67.173539,25.074869,0],[67.173006,25.075459,0],[67.167496,25.07781,0],[67.166842,25.077584,0],[67.166061,25.077315,0],[67.162813,25.081843,0],[67.161943,25.083056,0],[67.161799,25.082988,0],[67.158231,25.081308,0],[67.150829,25.080858,0],[67.148423,25.079878,0],[67.147049,25.079318,0],[67.145664,25.079106,0],[67.144183,25.078879,0],[67.142371,25.078602,0],[67.138306,25.076432,0],[67.138241,25.076391,0],[67.137647,25.076019,0],[67.134117,25.073811,0],[67.127702,25.073073,0],[67.117966,25.07307,0],[67.083595,25.084265,0],[67.080954,25.085125,0],[67.078919,25.087774,0],[67.08079,25.082161,0],[67.080815,25.080568,0],[67.080816,25.080537,0],[67.080809,25.08053,0],[67.077146,25.076317,0],[67.075354,25.074256,0],[67.072342,25.072306,0],[67.071257,25.07269,0]]]},"properties":{"name":"mangopir Town","description":{"@type":"html","value":"<html xmlns:fo=\"http://www.w3.org/1999/XSL/Format\" xmlns:msxsl=\"urn:schemas-microsoft-com:xslt\">\n\n<head>\n\n<META http-equiv=\"Content-Type\" content=\"text/html\">\n\n<meta http-equiv=\"content-type\" content=\"text/html; charset=UTF-8\">\n\n</head>\n\n<body style=\"margin:0px 0px 0px 0px;overflow:auto;background:#FFFFFF;\">\n\n<table style=\"font-family:Arial,Verdana,Times;font-size:12px;text-align:left;width:100%;border-collapse:collapse;padding:3px 3px 3px 3px\">\n\n<tr style=\"text-align:center;font-weight:bold;background:#9CBCE2\">\n\n<td>mangopir Town</td>\n\n</tr>\n\n<tr>\n\n<td>\n\n<table style=\"font-family:Arial,Verdana,Times;font-size:12px;text-align:left;width:100%;border-spacing:0px; padding:3px 3px 3px 3px\">\n\n<tr>\n\n<td>FID</td>\n\n<td>14</td>\n\n</tr>\n\n<tr bgcolor=\"#D4E4F3\">\n\n<td>name</td>\n\n<td>mangopir Town</td>\n\n</tr>\n\n</table>\n\n</td>\n\n</tr>\n\n</table>\n\n</body><script type=\"text/javascript\">\n\n\t\t\t\tfunction changeImage(attElement, nameElement) {\n\n\t\t\t\tdocument.getElementById('imageAttachment').src = attElement;\n\n\t\t\t\tdocument.getElementById('imageName').innerHTML = nameElement;}\n\n\t\t\t</script></html>\n\n"},"styleUrl":"#PolyStyle00","fill-opacity":0,"fill":"#cae4fc","stroke-opacity":1,"stroke":"#000000","stroke-width":0.7,"label-opacity":0,"label-color":"#000000","label-scale":0},"id":"ID_00014"},{"type":"Feature","geometry":{"type":"Polygon","coordinates":[[[67.199509,24.90495,0],[67.199601,24.905066,0],[67.198518,24.90607,0],[67.200015,24.908169,0],[67.200654,24.910355,0],[67.200894,24.911142,0],[67.20149,24.911999,0],[67.195374,24.912264,0],[67.185053,24.91233,0],[67.182658,24.90597,0],[67.181769,24.903527,0],[67.179612,24.897596,0],[67.177257,24.890287,0],[67.175313,24.884552,0],[67.169373,24.885321,0],[67.16952,24.883989,0],[67.170291,24.880731,0],[67.171676,24.879487,0],[67.169216,24.876906,0],[67.168825,24.876772,0],[67.168742,24.877072,0],[67.168069,24.87692,0],[67.167903,24.878581,0],[67.168584,24.879306,0],[67.169133,24.879341,0],[67.168967,24.879941,0],[67.16731,24.880437,0],[67.167186,24.880292,0],[67.166239,24.880624,0],[67.166448,24.881358,0],[67.164988,24.881254,0],[67.162582,24.880364,0],[67.163157,24.877619,0],[67.164994,24.876624,0],[67.164712,24.875474,0],[67.166022,24.87506,0],[67.165825,24.874571,0],[67.165637,24.874554,0],[67.165347,24.873992,0],[67.165631,24.873895,0],[67.165327,24.873232,0],[67.165091,24.873229,0],[67.164484,24.871817,0],[67.164587,24.871173,0],[67.164326,24.870996,0],[67.163965,24.87075,0],[67.164149,24.870035,0],[67.166177,24.869931,0],[67.1674,24.870075,0],[67.170236,24.869508,0],[67.172856,24.868695,0],[67.175348,24.868023,0],[67.176416,24.866947,0],[67.176896,24.866408,0],[67.177917,24.865288,0],[67.178567,24.863848,0],[67.180366,24.863311,0],[67.181717,24.863314,0],[67.184676,24.863279,0],[67.18533,24.863272,0],[67.189734,24.864013,0],[67.190513,24.864231,0],[67.190751,24.864298,0],[67.191867,24.864239,0],[67.192593,24.86399,0],[67.193707,24.864104,0],[67.194003,24.864294,0],[67.195335,24.864539,0],[67.196378,24.865183,0],[67.198191,24.864703,0],[67.20047,24.864659,0],[67.197712,24.868481,0],[67.195728,24.871008,0],[67.193775,24.873507,0],[67.191523,24.875651,0],[67.191353,24.875814,0],[67.188426,24.87833,0],[67.188705,24.878562,0],[67.188086,24.87897,0],[67.192405,24.883437,0],[67.191385,24.885517,0],[67.190866,24.885497,0],[67.190365,24.885419,0],[67.189454,24.885351,0],[67.189044,24.88546,0],[67.189042,24.885647,0],[67.188906,24.88629,0],[67.188883,24.886791,0],[67.188688,24.887276,0],[67.188498,24.887374,0],[67.188022,24.887684,0],[67.189913,24.888409,0],[67.190072,24.888253,0],[67.190761,24.888405,0],[67.191717,24.888603,0],[67.191751,24.888388,0],[67.192102,24.888063,0],[67.192216,24.887763,0],[67.192299,24.887478,0],[67.192161,24.887232,0],[67.192527,24.886921,0],[67.192593,24.886693,0],[67.192786,24.886423,0],[67.193136,24.886112,0],[67.19311,24.885739,0],[67.193989,24.885749,0],[67.194638,24.886546,0],[67.194924,24.886305,0],[67.195546,24.886786,0],[67.196669,24.886269,0],[67.197664,24.88803,0],[67.198498,24.885804,0],[67.198583,24.885839,0],[67.199404,24.886173,0],[67.199231,24.886774,0],[67.198246,24.890187,0],[67.198543,24.890276,0],[67.199521,24.89003,0],[67.200008,24.890022,0],[67.200388,24.889854,0],[67.201454,24.889982,0],[67.201965,24.888383,0],[67.204708,24.888817,0],[67.204767,24.889076,0],[67.203886,24.891821,0],[67.203763,24.892202,0],[67.203884,24.892534,0],[67.203459,24.892629,0],[67.203093,24.894,0],[67.204593,24.894592,0],[67.204448,24.894819,0],[67.204668,24.89485,0],[67.206579,24.89519,0],[67.206831,24.895235,0],[67.206986,24.895394,0],[67.207724,24.895418,0],[67.20867,24.895441,0],[67.210017,24.895474,0],[67.211854,24.89561,0],[67.212218,24.895385,0],[67.214564,24.898337,0],[67.215402,24.899093,0],[67.217481,24.899877,0],[67.216491,24.901357,0],[67.215774,24.902427,0],[67.215168,24.903332,0],[67.21584,24.905791,0],[67.21601,24.907055,0],[67.214833,24.906983,0],[67.21472,24.908272,0],[67.214253,24.909069,0],[67.215331,24.909497,0],[67.214204,24.911361,0],[67.213303,24.910648,0],[67.212485,24.910696,0],[67.21212,24.910921,0],[67.211319,24.910882,0],[67.209957,24.910565,0],[67.206409,24.910265,0],[67.206022,24.908755,0],[67.205081,24.906493,0],[67.202465,24.904799,0],[67.202255,24.905198,0],[67.199907,24.904611,0],[67.199509,24.90495,0]]]},"properties":{"name":"Model Town","description":{"@type":"html","value":"<html xmlns:fo=\"http://www.w3.org/1999/XSL/Format\" xmlns:msxsl=\"urn:schemas-microsoft-com:xslt\">\n\n<head>\n\n<META http-equiv=\"Content-Type\" content=\"text/html\">\n\n<meta http-equiv=\"content-type\" content=\"text/html; charset=UTF-8\">\n\n</head>\n\n<body style=\"margin:0px 0px 0px 0px;overflow:auto;background:#FFFFFF;\">\n\n<table style=\"font-family:Arial,Verdana,Times;font-size:12px;text-align:left;width:100%;border-collapse:collapse;padding:3px 3px 3px 3px\">\n\n<tr style=\"text-align:center;font-weight:bold;background:#9CBCE2\">\n\n<td>Model Town</td>\n\n</tr>\n\n<tr>\n\n<td>\n\n<table style=\"font-family:Arial,Verdana,Times;font-size:12px;text-align:left;width:100%;border-spacing:0px; padding:3px 3px 3px 3px\">\n\n<tr>\n\n<td>FID</td>\n\n<td>15</td>\n\n</tr>\n\n<tr bgcolor=\"#D4E4F3\">\n\n<td>name</td>\n\n<td>Model Town</td>\n\n</tr>\n\n</table>\n\n</td>\n\n</tr>\n\n</table>\n\n</body><script type=\"text/javascript\">\n\n\t\t\t\tfunction changeImage(attElement, nameElement) {\n\n\t\t\t\tdocument.getElementById('imageAttachment').src = attElement;\n\n\t\t\t\tdocument.getElementById('imageName').innerHTML = nameElement;}\n\n\t\t\t</script></html>\n\n"},"styleUrl":"#PolyStyle00","fill-opacity":0,"fill":"#cae4fc","stroke-opacity":1,"stroke":"#000000","stroke-width":0.7,"label-opacity":0,"label-color":"#000000","label-scale":0},"id":"ID_00015"},{"type":"Feature","geometry":{"type":"Polygon","coordinates":[[[66.987369,24.945221,0],[66.985821,24.94571,0],[66.986222,24.946826,0],[66.986506,24.947493,0],[66.985029,24.948199,0],[66.983393,24.948934,0],[66.983018,24.949103,0],[66.981871,24.949553,0],[66.980485,24.95001,0],[66.979414,24.950303,0],[66.979289,24.95009,0],[66.979725,24.949889,0],[66.979718,24.949799,0],[66.979209,24.94847,0],[66.979395,24.948372,0],[66.979903,24.94814,0],[66.980313,24.947925,0],[66.980669,24.947786,0],[66.979184,24.944846,0],[66.977904,24.942507,0],[66.978179,24.942031,0],[66.977654,24.941458,0],[66.9769,24.94091,0],[66.976385,24.940703,0],[66.976427,24.94051,0],[66.976708,24.940621,0],[66.976877,24.939928,0],[66.977251,24.939991,0],[66.97734,24.939662,0],[66.977553,24.939135,0],[66.977455,24.939038,0],[66.977419,24.938971,0],[66.977221,24.938901,0],[66.977129,24.938766,0],[66.977147,24.938632,0],[66.976876,24.938519,0],[66.977557,24.937578,0],[66.977101,24.937266,0],[66.976861,24.937563,0],[66.976014,24.937117,0],[66.976112,24.936899,0],[66.976178,24.936355,0],[66.976444,24.935188,0],[66.977567,24.935371,0],[66.977828,24.934447,0],[66.976728,24.934132,0],[66.977033,24.933739,0],[66.977337,24.933423,0],[66.977666,24.93316,0],[66.97791,24.932968,0],[66.978132,24.932842,0],[66.978422,24.932745,0],[66.978638,24.932658,0],[66.978791,24.932597,0],[66.979081,24.932477,0],[66.979198,24.932402,0],[66.979283,24.932298,0],[66.979396,24.932152,0],[66.979425,24.932025,0],[66.979101,24.931888,0],[66.978608,24.93176,0],[66.978017,24.93158,0],[66.978099,24.931405,0],[66.976981,24.931071,0],[66.976564,24.930844,0],[66.976122,24.930705,0],[66.976359,24.930171,0],[66.975918,24.929996,0],[66.976292,24.929217,0],[66.975745,24.92903,0],[66.975593,24.928691,0],[66.974746,24.927874,0],[66.973691,24.92701,0],[66.973921,24.926687,0],[66.973993,24.926617,0],[66.973304,24.925977,0],[66.973687,24.925577,0],[66.974189,24.924946,0],[66.974333,24.925019,0],[66.975473,24.925599,0],[66.976586,24.926414,0],[66.977347,24.927105,0],[66.97805,24.927384,0],[66.978604,24.926782,0],[66.978546,24.92668,0],[66.978743,24.926288,0],[66.978977,24.926393,0],[66.979061,24.926466,0],[66.979217,24.926486,0],[66.979295,24.926541,0],[66.979957,24.926126,0],[66.98011,24.925961,0],[66.980337,24.925719,0],[66.980629,24.925448,0],[66.980754,24.92539,0],[66.980993,24.925596,0],[66.981543,24.925245,0],[66.981472,24.925155,0],[66.98156,24.924953,0],[66.98191,24.925185,0],[66.983044,24.924322,0],[66.983272,24.924421,0],[66.984341,24.923916,0],[66.984743,24.923742,0],[66.985041,24.923549,0],[66.985585,24.923903,0],[66.985975,24.923675,0],[66.986282,24.923715,0],[66.986714,24.923763,0],[66.986908,24.923891,0],[66.987082,24.924078,0],[66.987219,24.924092,0],[66.987263,24.924046,0],[66.987383,24.924092,0],[66.987475,24.924105,0],[66.98758,24.924095,0],[66.987905,24.924016,0],[66.988083,24.923967,0],[66.987993,24.923817,0],[66.987766,24.923294,0],[66.98769,24.92315,0],[66.987697,24.923099,0],[66.987577,24.92262,0],[66.987454,24.922566,0],[66.98646,24.921855,0],[66.986642,24.921623,0],[66.986783,24.921353,0],[66.986977,24.920987,0],[66.987027,24.920792,0],[66.986933,24.920485,0],[66.986863,24.920274,0],[66.986657,24.92008,0],[66.986437,24.920063,0],[66.98628,24.920032,0],[66.98604,24.919986,0],[66.986138,24.919758,0],[66.986334,24.919622,0],[66.98642,24.91947,0],[66.986487,24.919209,0],[66.986475,24.919022,0],[66.986425,24.918864,0],[66.986268,24.918513,0],[66.986034,24.918108,0],[66.985927,24.917916,0],[66.985831,24.917671,0],[66.98569,24.917359,0],[66.98543,24.91692,0],[66.985426,24.916853,0],[66.985481,24.916673,0],[66.984144,24.915446,0],[66.986191,24.914881,0],[66.987365,24.914534,0],[66.989083,24.914072,0],[66.989259,24.914025,0],[66.992473,24.916098,0],[66.994439,24.917235,0],[66.996469,24.918409,0],[66.994569,24.919204,0],[66.992822,24.919934,0],[66.992937,24.920523,0],[66.993431,24.923067,0],[66.993734,24.924408,0],[66.993711,24.92522,0],[66.994057,24.925167,0],[66.994405,24.925029,0],[66.994636,24.925051,0],[66.994954,24.925055,0],[66.99517,24.925058,0],[66.995228,24.925336,0],[66.995554,24.925245,0],[66.995754,24.925238,0],[66.998883,24.926121,0],[66.998657,24.927111,0],[67.000912,24.927629,0],[67.001752,24.924239,0],[67.001879,24.922855,0],[67.003029,24.923043,0],[67.003002,24.923415,0],[67.003347,24.923467,0],[67.003247,24.92445,0],[67.003236,24.924526,0],[67.003802,24.924719,0],[67.004465,24.924944,0],[67.005232,24.925489,0],[67.00581,24.925994,0],[67.006252,24.927223,0],[67.006757,24.927086,0],[67.006881,24.926543,0],[67.006975,24.925876,0],[67.007334,24.926387,0],[67.007614,24.926534,0],[67.007846,24.927082,0],[67.008158,24.927927,0],[67.008464,24.92774,0],[67.009377,24.928344,0],[67.010019,24.928811,0],[67.010722,24.929372,0],[67.011424,24.929754,0],[67.011453,24.929848,0],[67.011743,24.929902,0],[67.011785,24.929738,0],[67.012262,24.929887,0],[67.012449,24.929997,0],[67.012662,24.929943,0],[67.012889,24.929989,0],[67.012816,24.93016,0],[67.013011,24.93027,0],[67.013209,24.930158,0],[67.013364,24.930296,0],[67.013574,24.930392,0],[67.013818,24.930374,0],[67.013998,24.930434,0],[67.014145,24.930586,0],[67.014165,24.930794,0],[67.014895,24.930833,0],[67.014925,24.930926,0],[67.015614,24.931136,0],[67.015739,24.931173,0],[67.015617,24.931903,0],[67.015746,24.932678,0],[67.016363,24.932443,0],[67.016886,24.932135,0],[67.016974,24.932287,0],[67.017052,24.93236,0],[67.017299,24.932465,0],[67.017545,24.932629,0],[67.017745,24.932853,0],[67.017901,24.932885,0],[67.017948,24.932814,0],[67.018353,24.933297,0],[67.019227,24.93393,0],[67.020044,24.934412,0],[67.020323,24.934625,0],[67.020844,24.934811,0],[67.021063,24.935035,0],[67.021289,24.935199,0],[67.021524,24.935232,0],[67.02197,24.935626,0],[67.022106,24.935747,0],[67.022229,24.935833,0],[67.022473,24.936129,0],[67.02262,24.936339,0],[67.02321,24.936706,0],[67.023612,24.93695,0],[67.024229,24.93728,0],[67.024358,24.937408,0],[67.024888,24.937892,0],[67.025132,24.93814,0],[67.025196,24.938255,0],[67.025318,24.938429,0],[67.025602,24.938708,0],[67.025756,24.938871,0],[67.026154,24.939221,0],[67.02637,24.939411,0],[67.02746,24.940416,0],[67.02843,24.941212,0],[67.029004,24.941792,0],[67.030094,24.942828,0],[67.030468,24.943221,0],[67.030925,24.943635,0],[67.03103,24.94373,0],[67.031423,24.944129,0],[67.031448,24.944157,0],[67.032253,24.945018,0],[67.033674,24.946685,0],[67.032835,24.947134,0],[67.033235,24.947575,0],[67.033501,24.948116,0],[67.033428,24.948175,0],[67.033707,24.948746,0],[67.03279,24.949157,0],[67.032813,24.948943,0],[67.032681,24.948642,0],[67.03252,24.948419,0],[67.032157,24.948624,0],[67.031939,24.948746,0],[67.03157,24.948849,0],[67.031287,24.948941,0],[67.030998,24.948979,0],[67.030599,24.948973,0],[67.02954,24.949652,0],[67.029171,24.949396,0],[67.027986,24.948115,0],[67.027951,24.947875,0],[67.027842,24.947324,0],[67.027609,24.946736,0],[67.027365,24.94641,0],[67.024022,24.948007,0],[67.023161,24.948418,0],[67.022345,24.947375,0],[67.021745,24.946565,0],[67.020917,24.94484,0],[67.020491,24.943457,0],[67.019937,24.943402,0],[67.019665,24.943398,0],[67.019246,24.943364,0],[67.019,24.943327,0],[67.018693,24.943237,0],[67.018317,24.943151,0],[67.018192,24.943082,0],[67.018043,24.94298,0],[67.018,24.942951,0],[67.017721,24.942694,0],[67.017194,24.942271,0],[67.016749,24.941907,0],[67.016798,24.941788,0],[67.014833,24.940472,0],[67.016979,24.93934,0],[67.016253,24.938231,0],[67.015532,24.937114,0],[67.014811,24.935996,0],[67.014391,24.935365,0],[67.012591,24.933705,0],[67.012114,24.934137,0],[67.011031,24.935132,0],[67.009412,24.936036,0],[67.007721,24.936915,0],[67.005938,24.937829,0],[67.003455,24.935455,0],[67.003195,24.935314,0],[67.0029,24.93534,0],[67.001891,24.933774,0],[67.0012,24.932767,0],[67.000445,24.931652,0],[67.000218,24.931777,0],[66.998284,24.93284,0],[66.996691,24.93371,0],[66.995565,24.934325,0],[66.995399,24.934416,0],[66.993367,24.93526,0],[66.992559,24.935596,0],[66.991135,24.936179,0],[66.989617,24.93676,0],[66.988741,24.935258,0],[66.988033,24.935793,0],[66.987891,24.935848,0],[66.98767,24.935924,0],[66.987422,24.935939,0],[66.987123,24.93596,0],[66.98688,24.935903,0],[66.986779,24.935862,0],[66.986552,24.935791,0],[66.986388,24.935724,0],[66.98624,24.935654,0],[66.986108,24.935555,0],[66.985415,24.936091,0],[66.985957,24.936632,0],[66.986143,24.93653,0],[66.986194,24.93656,0],[66.986387,24.93677,0],[66.986452,24.936886,0],[66.986489,24.936976,0],[66.986545,24.937149,0],[66.986635,24.937433,0],[66.986934,24.937412,0],[66.987064,24.93741,0],[66.987088,24.93764,0],[66.987247,24.937835,0],[66.988703,24.9401,0],[66.989812,24.942014,0],[66.988606,24.942869,0],[66.985066,24.940158,0],[66.984125,24.941357,0],[66.984193,24.941642,0],[66.98418,24.941814,0],[66.984224,24.942158,0],[66.984209,24.942447,0],[66.984214,24.942614,0],[66.984143,24.942804,0],[66.983947,24.943096,0],[66.983745,24.943442,0],[66.984024,24.943517,0],[66.984019,24.943902,0],[66.984025,24.944025,0],[66.983982,24.944131,0],[66.983995,24.944221,0],[66.984044,24.944283,0],[66.984065,24.944314,0],[66.984068,24.944375,0],[66.984051,24.944446,0],[66.984133,24.944451,0],[66.984166,24.944409,0],[66.984421,24.944469,0],[66.984557,24.944462,0],[66.984756,24.944474,0],[66.985044,24.944473,0],[66.985249,24.944437,0],[66.985465,24.944364,0],[66.985783,24.944148,0],[66.98627,24.94383,0],[66.986777,24.943565,0],[66.987369,24.945221,0]]]},"properties":{"name":"Mominabad Town","description":{"@type":"html","value":"<html xmlns:fo=\"http://www.w3.org/1999/XSL/Format\" xmlns:msxsl=\"urn:schemas-microsoft-com:xslt\">\n\n<head>\n\n<META http-equiv=\"Content-Type\" content=\"text/html\">\n\n<meta http-equiv=\"content-type\" content=\"text/html; charset=UTF-8\">\n\n</head>\n\n<body style=\"margin:0px 0px 0px 0px;overflow:auto;background:#FFFFFF;\">\n\n<table style=\"font-family:Arial,Verdana,Times;font-size:12px;text-align:left;width:100%;border-collapse:collapse;padding:3px 3px 3px 3px\">\n\n<tr style=\"text-align:center;font-weight:bold;background:#9CBCE2\">\n\n<td>Mominabad Town</td>\n\n</tr>\n\n<tr>\n\n<td>\n\n<table style=\"font-family:Arial,Verdana,Times;font-size:12px;text-align:left;width:100%;border-spacing:0px; padding:3px 3px 3px 3px\">\n\n<tr>\n\n<td>FID</td>\n\n<td>16</td>\n\n</tr>\n\n<tr bgcolor=\"#D4E4F3\">\n\n<td>name</td>\n\n<td>Mominabad Town</td>\n\n</tr>\n\n</table>\n\n</td>\n\n</tr>\n\n</table>\n\n</body><script type=\"text/javascript\">\n\n\t\t\t\tfunction changeImage(attElement, nameElement) {\n\n\t\t\t\tdocument.getElementById('imageAttachment').src = attElement;\n\n\t\t\t\tdocument.getElementById('imageName').innerHTML = nameElement;}\n\n\t\t\t</script></html>\n\n"},"styleUrl":"#PolyStyle00","fill-opacity":0,"fill":"#cae4fc","stroke-opacity":1,"stroke":"#000000","stroke-width":0.7,"label-opacity":0,"label-color":"#000000","label-scale":0},"id":"ID_00016"},{"type":"Feature","geometry":{"type":"Polygon","coordinates":[[[67.016806,24.93117,0],[67.016529,24.931281,0],[67.016252,24.931414,0],[67.016117,24.931469,0],[67.015739,24.931173,0],[67.015614,24.931136,0],[67.014925,24.930926,0],[67.014895,24.930833,0],[67.014165,24.930794,0],[67.014145,24.930586,0],[67.013998,24.930434,0],[67.013818,24.930374,0],[67.013574,24.930392,0],[67.013364,24.930296,0],[67.013209,24.930158,0],[67.013011,24.93027,0],[67.012816,24.93016,0],[67.012889,24.929989,0],[67.012662,24.929943,0],[67.012449,24.929997,0],[67.012262,24.929887,0],[67.011785,24.929738,0],[67.011743,24.929902,0],[67.011453,24.929848,0],[67.011424,24.929754,0],[67.010722,24.929372,0],[67.010019,24.928811,0],[67.009377,24.928344,0],[67.008464,24.92774,0],[67.008158,24.927927,0],[67.007846,24.927082,0],[67.007614,24.926534,0],[67.007334,24.926387,0],[67.006975,24.925876,0],[67.006881,24.926543,0],[67.006757,24.927086,0],[67.006252,24.927223,0],[67.00581,24.925994,0],[67.005232,24.925489,0],[67.004465,24.924944,0],[67.003802,24.924719,0],[67.003236,24.924526,0],[67.003247,24.92445,0],[67.003347,24.923467,0],[67.003002,24.923415,0],[67.003029,24.923043,0],[67.001879,24.922855,0],[67.001752,24.924239,0],[67.000912,24.927629,0],[66.998657,24.927111,0],[66.998883,24.926121,0],[66.995754,24.925238,0],[66.995554,24.925245,0],[66.995228,24.925336,0],[66.99517,24.925058,0],[66.994954,24.925055,0],[66.994636,24.925051,0],[66.994405,24.925029,0],[66.994057,24.925167,0],[66.993711,24.92522,0],[66.993734,24.924408,0],[66.993431,24.923067,0],[66.992937,24.920523,0],[66.992822,24.919934,0],[66.994569,24.919204,0],[66.996469,24.918409,0],[66.994439,24.917235,0],[66.992473,24.916098,0],[66.989259,24.914025,0],[66.989083,24.914072,0],[66.987365,24.914534,0],[66.986191,24.914881,0],[66.984144,24.915446,0],[66.982443,24.916003,0],[66.982086,24.915231,0],[66.981117,24.91395,0],[66.980388,24.913345,0],[66.980052,24.913706,0],[66.979797,24.913903,0],[66.979725,24.91401,0],[66.979058,24.914557,0],[66.978832,24.914693,0],[66.978576,24.914342,0],[66.978008,24.91388,0],[66.977565,24.913743,0],[66.97706,24.913402,0],[66.976774,24.913219,0],[66.976597,24.91287,0],[66.976365,24.912628,0],[66.975956,24.912837,0],[66.975641,24.912845,0],[66.975131,24.912802,0],[66.974477,24.912793,0],[66.973819,24.912952,0],[66.973538,24.912506,0],[66.973206,24.912024,0],[66.973039,24.91183,0],[66.972604,24.910368,0],[66.972258,24.909133,0],[66.971904,24.907575,0],[66.970863,24.906355,0],[66.969516,24.904641,0],[66.968537,24.905272,0],[66.967714,24.904365,0],[66.966971,24.904941,0],[66.965297,24.903234,0],[66.969832,24.899686,0],[66.970093,24.899482,0],[66.972618,24.895934,0],[66.97286,24.89555,0],[66.973288,24.895312,0],[66.977298,24.89316,0],[66.97855,24.892517,0],[66.979196,24.891394,0],[66.979169,24.891179,0],[66.975422,24.889695,0],[66.97414,24.889276,0],[66.971141,24.889192,0],[66.971009,24.887628,0],[66.970098,24.886656,0],[66.966942,24.883661,0],[66.967025,24.883418,0],[66.966195,24.8813,0],[66.965433,24.879885,0],[66.96524,24.879223,0],[66.96389,24.878202,0],[66.963333,24.878382,0],[66.960219,24.87854,0],[66.958769,24.875052,0],[66.958496,24.874762,0],[66.962087,24.873083,0],[66.964161,24.876825,0],[66.964514,24.877331,0],[66.964827,24.877479,0],[66.965003,24.877343,0],[66.965455,24.876632,0],[66.966487,24.875973,0],[66.967993,24.875134,0],[66.969813,24.874298,0],[66.971807,24.873437,0],[66.975594,24.871453,0],[66.976333,24.872366,0],[66.976534,24.872464,0],[66.977938,24.873148,0],[66.981732,24.874589,0],[66.982891,24.875099,0],[66.986505,24.876689,0],[66.987645,24.877233,0],[66.99089,24.878781,0],[66.993552,24.880051,0],[66.994862,24.880642,0],[66.994948,24.880657,0],[66.998293,24.881247,0],[67.001999,24.881368,0],[67.003408,24.881645,0],[67.00378,24.881623,0],[67.004399,24.881587,0],[67.005675,24.881346,0],[67.006895,24.880717,0],[67.007214,24.88056,0],[67.007798,24.880271,0],[67.009335,24.879417,0],[67.012108,24.878924,0],[67.012285,24.878939,0],[67.01443,24.879127,0],[67.01604,24.879635,0],[67.016639,24.880114,0],[67.019332,24.882264,0],[67.019562,24.882448,0],[67.021628,24.883884,0],[67.02385,24.885428,0],[67.026351,24.888549,0],[67.026122,24.889782,0],[67.026023,24.890676,0],[67.02577,24.89093,0],[67.025558,24.891094,0],[67.025183,24.89122,0],[67.024695,24.891405,0],[67.024377,24.891681,0],[67.023652,24.892406,0],[67.022501,24.89352,0],[67.02185,24.894544,0],[67.021116,24.895382,0],[67.020988,24.895608,0],[67.02087,24.896042,0],[67.021032,24.896599,0],[67.02127,24.897253,0],[67.021424,24.89832,0],[67.021521,24.900664,0],[67.021495,24.901273,0],[67.021406,24.902912,0],[67.021395,24.903113,0],[67.021751,24.903985,0],[67.021861,24.904918,0],[67.0218,24.90529,0],[67.021647,24.905581,0],[67.021351,24.905857,0],[67.02032,24.90651,0],[67.019315,24.907399,0],[67.019045,24.907589,0],[67.018498,24.908865,0],[67.01837,24.909045,0],[67.018281,24.90917,0],[67.017958,24.909732,0],[67.018025,24.910492,0],[67.018291,24.911535,0],[67.018603,24.912176,0],[67.01854,24.912751,0],[67.018465,24.913443,0],[67.018453,24.915621,0],[67.018347,24.91734,0],[67.01814,24.918046,0],[67.018036,24.919134,0],[67.018001,24.919814,0],[67.017976,24.920939,0],[67.017975,24.920996,0],[67.01794,24.921691,0],[67.018032,24.922316,0],[67.018129,24.922618,0],[67.018354,24.9228,0],[67.018718,24.92317,0],[67.018751,24.924031,0],[67.018726,24.924611,0],[67.018649,24.925011,0],[67.018653,24.925255,0],[67.018736,24.925471,0],[67.019001,24.925603,0],[67.019389,24.925895,0],[67.019668,24.926622,0],[67.019906,24.92697,0],[67.020289,24.927132,0],[67.020522,24.927315,0],[67.020511,24.927522,0],[67.020469,24.927686,0],[67.020375,24.928115,0],[67.020302,24.928308,0],[67.020062,24.928527,0],[67.019681,24.928808,0],[67.019298,24.929154,0],[67.018994,24.929451,0],[67.018753,24.929778,0],[67.018441,24.930146,0],[67.018158,24.930658,0],[67.018091,24.930894,0],[67.017798,24.931069,0],[67.017435,24.931129,0],[67.017216,24.93109,0],[67.016806,24.93117,0]]]},"properties":{"name":"site town (moriro mir bahar)","description":{"@type":"html","value":"<html xmlns:fo=\"http://www.w3.org/1999/XSL/Format\" xmlns:msxsl=\"urn:schemas-microsoft-com:xslt\">\n\n<head>\n\n<META http-equiv=\"Content-Type\" content=\"text/html\">\n\n<meta http-equiv=\"content-type\" content=\"text/html; charset=UTF-8\">\n\n</head>\n\n<body style=\"margin:0px 0px 0px 0px;overflow:auto;background:#FFFFFF;\">\n\n<table style=\"font-family:Arial,Verdana,Times;font-size:12px;text-align:left;width:100%;border-collapse:collapse;padding:3px 3px 3px 3px\">\n\n<tr style=\"text-align:center;font-weight:bold;background:#9CBCE2\">\n\n<td>site town (moriro mir bahar)</td>\n\n</tr>\n\n<tr>\n\n<td>\n\n<table style=\"font-family:Arial,Verdana,Times;font-size:12px;text-align:left;width:100%;border-spacing:0px; padding:3px 3px 3px 3px\">\n\n<tr>\n\n<td>FID</td>\n\n<td>17</td>\n\n</tr>\n\n<tr bgcolor=\"#D4E4F3\">\n\n<td>name</td>\n\n<td>site town (moriro mir bahar)</td>\n\n</tr>\n\n</table>\n\n</td>\n\n</tr>\n\n</table>\n\n</body><script type=\"text/javascript\">\n\n\t\t\t\tfunction changeImage(attElement, nameElement) {\n\n\t\t\t\tdocument.getElementById('imageAttachment').src = attElement;\n\n\t\t\t\tdocument.getElementById('imageName').innerHTML = nameElement;}\n\n\t\t\t</script></html>\n\n"},"styleUrl":"#PolyStyle00","fill-opacity":0,"fill":"#cae4fc","stroke-opacity":1,"stroke":"#000000","stroke-width":0.7,"label-opacity":0,"label-color":"#000000","label-scale":0},"id":"ID_00017"},{"type":"Feature","geometry":{"type":"Polygon","coordinates":[[[67.017895,24.931565,0],[67.016886,24.932135,0],[67.016363,24.932443,0],[67.015746,24.932678,0],[67.015617,24.931903,0],[67.015739,24.931173,0],[67.016117,24.931469,0],[67.016252,24.931414,0],[67.016529,24.931281,0],[67.016806,24.93117,0],[67.017216,24.93109,0],[67.017435,24.931129,0],[67.017798,24.931069,0],[67.018091,24.930894,0],[67.018158,24.930658,0],[67.018441,24.930146,0],[67.018753,24.929778,0],[67.018994,24.929451,0],[67.019298,24.929154,0],[67.019681,24.928808,0],[67.020062,24.928527,0],[67.020302,24.928308,0],[67.020375,24.928115,0],[67.020469,24.927686,0],[67.020511,24.927522,0],[67.020522,24.927315,0],[67.020289,24.927132,0],[67.019906,24.92697,0],[67.019668,24.926622,0],[67.019389,24.925895,0],[67.019001,24.925603,0],[67.018736,24.925471,0],[67.018653,24.925255,0],[67.018649,24.925011,0],[67.018726,24.924611,0],[67.018751,24.924031,0],[67.018718,24.92317,0],[67.018354,24.9228,0],[67.018129,24.922618,0],[67.018032,24.922316,0],[67.01794,24.921691,0],[67.017975,24.920996,0],[67.017976,24.920939,0],[67.018001,24.919814,0],[67.018036,24.919134,0],[67.01814,24.918046,0],[67.018347,24.91734,0],[67.018453,24.915621,0],[67.018465,24.913443,0],[67.01854,24.912751,0],[67.018603,24.912176,0],[67.018291,24.911535,0],[67.018025,24.910492,0],[67.017958,24.909732,0],[67.018281,24.90917,0],[67.01837,24.909045,0],[67.018498,24.908865,0],[67.019045,24.907589,0],[67.019315,24.907399,0],[67.02032,24.90651,0],[67.021351,24.905857,0],[67.021647,24.905581,0],[67.0218,24.90529,0],[67.021861,24.904918,0],[67.021751,24.903985,0],[67.021395,24.903113,0],[67.021406,24.902912,0],[67.021495,24.901273,0],[67.021521,24.900664,0],[67.021424,24.89832,0],[67.02127,24.897253,0],[67.021032,24.896599,0],[67.02087,24.896042,0],[67.020988,24.895608,0],[67.021116,24.895382,0],[67.02185,24.894544,0],[67.022501,24.89352,0],[67.023652,24.892406,0],[67.024377,24.891681,0],[67.024695,24.891405,0],[67.025183,24.89122,0],[67.025558,24.891094,0],[67.02577,24.89093,0],[67.026023,24.890676,0],[67.026122,24.889782,0],[67.026351,24.888549,0],[67.027911,24.88925,0],[67.029065,24.889558,0],[67.02976,24.889681,0],[67.03075,24.88998,0],[67.031465,24.890098,0],[67.032322,24.89024,0],[67.033106,24.890398,0],[67.033542,24.89059,0],[67.03403,24.890883,0],[67.03471,24.891303,0],[67.035814,24.891977,0],[67.036722,24.892538,0],[67.037423,24.892906,0],[67.037417,24.893613,0],[67.0374,24.894057,0],[67.037399,24.894472,0],[67.037468,24.894712,0],[67.037522,24.894952,0],[67.03771,24.895322,0],[67.037879,24.895568,0],[67.037963,24.895908,0],[67.037857,24.89627,0],[67.037687,24.896459,0],[67.037454,24.89657,0],[67.037217,24.896691,0],[67.037083,24.896857,0],[67.037039,24.897033,0],[67.037099,24.897172,0],[67.037346,24.897438,0],[67.037633,24.897542,0],[67.038193,24.897569,0],[67.038586,24.897574,0],[67.039008,24.897666,0],[67.039158,24.897797,0],[67.039267,24.898228,0],[67.039384,24.898784,0],[67.039436,24.899119,0],[67.039343,24.899385,0],[67.039123,24.899683,0],[67.038882,24.900043,0],[67.038509,24.900284,0],[67.038358,24.900361,0],[67.038114,24.900394,0],[67.037931,24.90032,0],[67.037769,24.900135,0],[67.037627,24.899911,0],[67.037393,24.899804,0],[67.037268,24.899752,0],[67.03704,24.899763,0],[67.036732,24.899831,0],[67.03653,24.899954,0],[67.036288,24.900144,0],[67.036182,24.900332,0],[67.036249,24.900821,0],[67.036379,24.901055,0],[67.036398,24.901126,0],[67.036424,24.901224,0],[67.036636,24.901463,0],[67.036816,24.901734,0],[67.037081,24.901903,0],[67.037288,24.901948,0],[67.037621,24.902021,0],[67.037981,24.902119,0],[67.038104,24.902264,0],[67.038337,24.902464,0],[67.038452,24.902637,0],[67.038578,24.902886,0],[67.038602,24.903094,0],[67.038558,24.903398,0],[67.038461,24.903809,0],[67.038385,24.90436,0],[67.03846,24.904884,0],[67.038601,24.905129,0],[67.038748,24.905443,0],[67.038749,24.905447,0],[67.038817,24.905856,0],[67.038917,24.90628,0],[67.038884,24.906638,0],[67.038798,24.907052,0],[67.038777,24.907439,0],[67.038854,24.907791,0],[67.038941,24.907989,0],[67.03929,24.908291,0],[67.039535,24.908424,0],[67.039965,24.908806,0],[67.040267,24.909089,0],[67.04044,24.909335,0],[67.040451,24.90965,0],[67.040395,24.909951,0],[67.040525,24.910174,0],[67.04063,24.910717,0],[67.04084,24.911099,0],[67.040984,24.911456,0],[67.041034,24.911736,0],[67.040901,24.911953,0],[67.040756,24.912177,0],[67.040536,24.912435,0],[67.040345,24.912623,0],[67.040186,24.91295,0],[67.040154,24.913226,0],[67.040204,24.913574,0],[67.040154,24.913738,0],[67.040088,24.913959,0],[67.039995,24.914144,0],[67.039809,24.914425,0],[67.039765,24.914534,0],[67.039719,24.914736,0],[67.039734,24.915083,0],[67.039762,24.91534,0],[67.039852,24.91566,0],[67.039968,24.915993,0],[67.040037,24.916179,0],[67.040083,24.916383,0],[67.040314,24.916706,0],[67.040514,24.916896,0],[67.040691,24.917072,0],[67.040782,24.917294,0],[67.040938,24.917601,0],[67.041009,24.917837,0],[67.041135,24.918209,0],[67.041256,24.918396,0],[67.041363,24.918472,0],[67.041614,24.91855,0],[67.041691,24.918661,0],[67.041834,24.91889,0],[67.04196,24.919193,0],[67.042002,24.919496,0],[67.042132,24.919727,0],[67.042226,24.919806,0],[67.042569,24.919831,0],[67.042984,24.919876,0],[67.043257,24.919993,0],[67.041779,24.920282,0],[67.041307,24.920362,0],[67.040385,24.920518,0],[67.039231,24.920696,0],[67.038052,24.920974,0],[67.036587,24.921396,0],[67.034479,24.922044,0],[67.033228,24.922333,0],[67.031544,24.922779,0],[67.031638,24.923888,0],[67.03163,24.9244,0],[67.031758,24.924931,0],[67.031314,24.925179,0],[67.030508,24.925761,0],[67.029321,24.926648,0],[67.028166,24.927459,0],[67.027832,24.927708,0],[67.027314,24.927959,0],[67.026787,24.928191,0],[67.026149,24.92845,0],[67.024843,24.928824,0],[67.024659,24.928903,0],[67.024513,24.928931,0],[67.024333,24.928965,0],[67.023236,24.929113,0],[67.022747,24.929217,0],[67.022248,24.929315,0],[67.0215,24.929539,0],[67.021005,24.929714,0],[67.020198,24.930043,0],[67.01959,24.930374,0],[67.019183,24.930646,0],[67.018632,24.93103,0],[67.017895,24.931565,0]]]},"properties":{"name":"Nazimabad Town","description":{"@type":"html","value":"<html xmlns:fo=\"http://www.w3.org/1999/XSL/Format\" xmlns:msxsl=\"urn:schemas-microsoft-com:xslt\">\n\n<head>\n\n<META http-equiv=\"Content-Type\" content=\"text/html\">\n\n<meta http-equiv=\"content-type\" content=\"text/html; charset=UTF-8\">\n\n</head>\n\n<body style=\"margin:0px 0px 0px 0px;overflow:auto;background:#FFFFFF;\">\n\n<table style=\"font-family:Arial,Verdana,Times;font-size:12px;text-align:left;width:100%;border-collapse:collapse;padding:3px 3px 3px 3px\">\n\n<tr style=\"text-align:center;font-weight:bold;background:#9CBCE2\">\n\n<td>Nazimabad Town</td>\n\n</tr>\n\n<tr>\n\n<td>\n\n<table style=\"font-family:Arial,Verdana,Times;font-size:12px;text-align:left;width:100%;border-spacing:0px; padding:3px 3px 3px 3px\">\n\n<tr>\n\n<td>FID</td>\n\n<td>18</td>\n\n</tr>\n\n<tr bgcolor=\"#D4E4F3\">\n\n<td>name</td>\n\n<td>Nazimabad Town</td>\n\n</tr>\n\n</table>\n\n</td>\n\n</tr>\n\n</table>\n\n</body><script type=\"text/javascript\">\n\n\t\t\t\tfunction changeImage(attElement, nameElement) {\n\n\t\t\t\tdocument.getElementById('imageAttachment').src = attElement;\n\n\t\t\t\tdocument.getElementById('imageName').innerHTML = nameElement;}\n\n\t\t\t</script></html>\n\n"},"styleUrl":"#PolyStyle00","fill-opacity":0,"fill":"#cae4fc","stroke-opacity":1,"stroke":"#000000","stroke-width":0.7,"label-opacity":0,"label-color":"#000000","label-scale":0},"id":"ID_00018"},{"type":"Feature","geometry":{"type":"Polygon","coordinates":[[[67.091443,24.999594,0],[67.091292,25.000724,0],[67.091229,25.001712,0],[67.091193,25.002536,0],[67.091309,25.003146,0],[67.091487,25.003851,0],[67.091826,25.00483,0],[67.091782,25.005632,0],[67.091647,25.006246,0],[67.091537,25.007241,0],[67.091384,25.007902,0],[67.090825,25.007758,0],[67.089255,25.007623,0],[67.083282,25.007374,0],[67.076878,25.007022,0],[67.074765,25.006906,0],[67.072665,25.006802,0],[67.066122,25.006478,0],[67.064621,25.006408,0],[67.053927,25.005904,0],[67.053856,25.0059,0],[67.050957,25.00575,0],[67.046375,25.004156,0],[67.046559,25.002468,0],[67.045115,25.002291,0],[67.04524,25.000301,0],[67.04416,25.000028,0],[67.043925,24.999968,0],[67.043856,24.999955,0],[67.044082,24.99899,0],[67.044421,24.999081,0],[67.044531,24.998521,0],[67.044563,24.998108,0],[67.045119,24.998029,0],[67.045508,24.997992,0],[67.046897,24.997905,0],[67.046919,24.996243,0],[67.046997,24.995807,0],[67.047183,24.995278,0],[67.047378,24.994946,0],[67.047691,24.994634,0],[67.04793,24.994398,0],[67.04829,24.99405,0],[67.048681,24.993766,0],[67.049162,24.993381,0],[67.049208,24.993373,0],[67.049533,24.99335,0],[67.049718,24.99323,0],[67.049977,24.993039,0],[67.049616,24.992841,0],[67.049239,24.992613,0],[67.049501,24.991971,0],[67.050171,24.992317,0],[67.050198,24.992102,0],[67.050086,24.991575,0],[67.049356,24.988867,0],[67.048959,24.988241,0],[67.048926,24.988181,0],[67.048089,24.986664,0],[67.046931,24.985311,0],[67.046079,24.984511,0],[67.045522,24.984086,0],[67.045269,24.983533,0],[67.04507,24.982838,0],[67.044981,24.981846,0],[67.044836,24.981091,0],[67.045033,24.980234,0],[67.045477,24.980288,0],[67.045869,24.980576,0],[67.04593,24.980385,0],[67.046032,24.978552,0],[67.046123,24.977473,0],[67.0458,24.976318,0],[67.046194,24.975597,0],[67.046512,24.975333,0],[67.045908,24.97462,0],[67.045166,24.973476,0],[67.044674,24.972275,0],[67.044558,24.971283,0],[67.044571,24.970498,0],[67.053185,24.970948,0],[67.05319,24.971579,0],[67.056081,24.97181,0],[67.057477,24.971921,0],[67.066512,24.97231,0],[67.066559,24.972312,0],[67.079096,24.972918,0],[67.079335,24.970657,0],[67.079399,24.96927,0],[67.079573,24.965501,0],[67.079583,24.965416,0],[67.086515,24.965868,0],[67.088964,24.965947,0],[67.088992,24.96584,0],[67.090445,24.965918,0],[67.09057,24.966842,0],[67.090865,24.967806,0],[67.090961,24.968194,0],[67.091104,24.968583,0],[67.09134,24.969109,0],[67.091482,24.969591,0],[67.091487,24.96967,0],[67.091519,24.9702,0],[67.091591,24.970667,0],[67.09146,24.971016,0],[67.090443,24.973211,0],[67.09027,24.974262,0],[67.090268,24.974288,0],[67.09022,24.974913,0],[67.090423,24.975518,0],[67.090867,24.976828,0],[67.090889,24.977408,0],[67.090913,24.977882,0],[67.090902,24.979128,0],[67.091076,24.979568,0],[67.09136,24.979987,0],[67.091742,24.980228,0],[67.092201,24.980521,0],[67.092525,24.980919,0],[67.092795,24.98227,0],[67.091616,24.983315,0],[67.090912,24.984066,0],[67.090793,24.984637,0],[67.090785,24.985182,0],[67.090719,24.986879,0],[67.09079,24.988894,0],[67.090917,24.989877,0],[67.091128,24.990453,0],[67.09138,24.990951,0],[67.092073,24.991397,0],[67.092804,24.991915,0],[67.093224,24.992687,0],[67.09329,24.993548,0],[67.093258,24.994017,0],[67.093228,24.994464,0],[67.093192,24.994815,0],[67.093123,24.995208,0],[67.092731,24.996092,0],[67.092245,24.997547,0],[67.091865,24.998209,0],[67.091443,24.999594,0]]]},"properties":{"name":"New Karachi Town","description":{"@type":"html","value":"<html xmlns:fo=\"http://www.w3.org/1999/XSL/Format\" xmlns:msxsl=\"urn:schemas-microsoft-com:xslt\">\n\n<head>\n\n<META http-equiv=\"Content-Type\" content=\"text/html\">\n\n<meta http-equiv=\"content-type\" content=\"text/html; charset=UTF-8\">\n\n</head>\n\n<body style=\"margin:0px 0px 0px 0px;overflow:auto;background:#FFFFFF;\">\n\n<table style=\"font-family:Arial,Verdana,Times;font-size:12px;text-align:left;width:100%;border-collapse:collapse;padding:3px 3px 3px 3px\">\n\n<tr style=\"text-align:center;font-weight:bold;background:#9CBCE2\">\n\n<td>New Karachi Town</td>\n\n</tr>\n\n<tr>\n\n<td>\n\n<table style=\"font-family:Arial,Verdana,Times;font-size:12px;text-align:left;width:100%;border-spacing:0px; padding:3px 3px 3px 3px\">\n\n<tr>\n\n<td>FID</td>\n\n<td>19</td>\n\n</tr>\n\n<tr bgcolor=\"#D4E4F3\">\n\n<td>name</td>\n\n<td>New Karachi Town</td>\n\n</tr>\n\n</table>\n\n</td>\n\n</tr>\n\n</table>\n\n</body><script type=\"text/javascript\">\n\n\t\t\t\tfunction changeImage(attElement, nameElement) {\n\n\t\t\t\tdocument.getElementById('imageAttachment').src = attElement;\n\n\t\t\t\tdocument.getElementById('imageName').innerHTML = nameElement;}\n\n\t\t\t</script></html>\n\n"},"styleUrl":"#PolyStyle00","fill-opacity":0,"fill":"#cae4fc","stroke-opacity":1,"stroke":"#000000","stroke-width":0.7,"label-opacity":0,"label-color":"#000000","label-scale":0},"id":"ID_00019"},{"type":"Feature","geometry":{"type":"Polygon","coordinates":[[[67.071709,24.949223,0],[67.071911,24.94968,0],[67.072275,24.949866,0],[67.072985,24.950023,0],[67.073493,24.950385,0],[67.073716,24.950544,0],[67.074304,24.951125,0],[67.074579,24.951339,0],[67.075,24.951535,0],[67.075369,24.951717,0],[67.075404,24.951827,0],[67.075313,24.951964,0],[67.074739,24.952492,0],[67.074711,24.952625,0],[67.074873,24.952952,0],[67.07512,24.953276,0],[67.07541,24.95349,0],[67.075448,24.953729,0],[67.075282,24.953946,0],[67.07482,24.954385,0],[67.074723,24.954517,0],[67.074725,24.954766,0],[67.074857,24.955016,0],[67.075096,24.955454,0],[67.0751,24.955888,0],[67.075185,24.956143,0],[67.075308,24.956355,0],[67.075648,24.957018,0],[67.075999,24.957136,0],[67.076196,24.957202,0],[67.077826,24.960519,0],[67.079305,24.963491,0],[67.0795,24.964081,0],[67.079681,24.964599,0],[67.079583,24.965416,0],[67.079573,24.965501,0],[67.079399,24.96927,0],[67.079335,24.970657,0],[67.079096,24.972918,0],[67.066559,24.972312,0],[67.066512,24.97231,0],[67.057477,24.971921,0],[67.056081,24.97181,0],[67.05319,24.971579,0],[67.053185,24.970948,0],[67.044571,24.970498,0],[67.044572,24.970423,0],[67.0446,24.969504,0],[67.044419,24.968498,0],[67.044503,24.967723,0],[67.044574,24.967001,0],[67.044556,24.966481,0],[67.044489,24.966122,0],[67.044401,24.965111,0],[67.044373,24.964789,0],[67.044364,24.96448,0],[67.044188,24.963685,0],[67.044033,24.96321,0],[67.043968,24.962674,0],[67.043926,24.962358,0],[67.043668,24.962228,0],[67.044056,24.961669,0],[67.043953,24.961651,0],[67.04371,24.961414,0],[67.043469,24.96078,0],[67.043063,24.959929,0],[67.042836,24.959367,0],[67.042685,24.958978,0],[67.04252,24.958804,0],[67.042464,24.958407,0],[67.042305,24.958171,0],[67.042045,24.958015,0],[67.041851,24.957725,0],[67.041447,24.957085,0],[67.040813,24.956092,0],[67.040137,24.955114,0],[67.039698,24.954372,0],[67.038863,24.953138,0],[67.038084,24.952063,0],[67.036195,24.949609,0],[67.034072,24.947156,0],[67.033674,24.946685,0],[67.032253,24.945018,0],[67.031448,24.944157,0],[67.031423,24.944129,0],[67.03103,24.94373,0],[67.030925,24.943635,0],[67.030468,24.943221,0],[67.030094,24.942828,0],[67.029004,24.941792,0],[67.02843,24.941212,0],[67.02746,24.940416,0],[67.02637,24.939411,0],[67.025756,24.938871,0],[67.025602,24.938708,0],[67.025318,24.938429,0],[67.025196,24.938255,0],[67.025132,24.93814,0],[67.024888,24.937892,0],[67.024358,24.937408,0],[67.024229,24.93728,0],[67.023612,24.93695,0],[67.02321,24.936706,0],[67.02262,24.936339,0],[67.022473,24.936129,0],[67.022229,24.935833,0],[67.022106,24.935747,0],[67.02197,24.935626,0],[67.021524,24.935232,0],[67.021289,24.935199,0],[67.021063,24.935035,0],[67.020844,24.934811,0],[67.020323,24.934625,0],[67.020044,24.934412,0],[67.019227,24.93393,0],[67.018353,24.933297,0],[67.017948,24.932814,0],[67.017901,24.932885,0],[67.017745,24.932853,0],[67.017545,24.932629,0],[67.017299,24.932465,0],[67.017052,24.93236,0],[67.016974,24.932287,0],[67.016886,24.932135,0],[67.017895,24.931565,0],[67.018632,24.93103,0],[67.019183,24.930646,0],[67.01959,24.930374,0],[67.020198,24.930043,0],[67.021005,24.929714,0],[67.0215,24.929539,0],[67.022248,24.929315,0],[67.022747,24.929217,0],[67.023236,24.929113,0],[67.024333,24.928965,0],[67.024513,24.928931,0],[67.024659,24.928903,0],[67.024843,24.928824,0],[67.026149,24.92845,0],[67.026787,24.928191,0],[67.027314,24.927959,0],[67.027832,24.927708,0],[67.028166,24.927459,0],[67.029321,24.926648,0],[67.030508,24.925761,0],[67.031314,24.925179,0],[67.031758,24.924931,0],[67.03163,24.9244,0],[67.031638,24.923888,0],[67.031544,24.922779,0],[67.033228,24.922333,0],[67.034479,24.922044,0],[67.036587,24.921396,0],[67.038052,24.920974,0],[67.039231,24.920696,0],[67.040385,24.920518,0],[67.041307,24.920362,0],[67.041779,24.920282,0],[67.043257,24.919993,0],[67.043294,24.920278,0],[67.043324,24.920615,0],[67.043425,24.920935,0],[67.043648,24.921264,0],[67.044067,24.921607,0],[67.044594,24.922061,0],[67.04503,24.922325,0],[67.045298,24.922547,0],[67.045556,24.922626,0],[67.046138,24.922608,0],[67.046578,24.922618,0],[67.04689,24.922758,0],[67.047134,24.922947,0],[67.047186,24.923145,0],[67.047167,24.92336,0],[67.047321,24.923639,0],[67.047484,24.923934,0],[67.047779,24.924185,0],[67.048083,24.924343,0],[67.048403,24.924465,0],[67.048813,24.924596,0],[67.049306,24.924749,0],[67.04958,24.925101,0],[67.049759,24.925422,0],[67.049684,24.925675,0],[67.04969,24.925826,0],[67.049777,24.926035,0],[67.049939,24.926209,0],[67.05013,24.926326,0],[67.050466,24.92642,0],[67.050732,24.926524,0],[67.051013,24.926631,0],[67.051116,24.926866,0],[67.051131,24.927117,0],[67.051151,24.927382,0],[67.051124,24.927575,0],[67.051188,24.927762,0],[67.051262,24.92805,0],[67.051334,24.928445,0],[67.051419,24.928826,0],[67.051525,24.928988,0],[67.051544,24.929016,0],[67.051695,24.929061,0],[67.051942,24.929026,0],[67.05223,24.92903,0],[67.052476,24.929076,0],[67.052646,24.929226,0],[67.05281,24.929482,0],[67.053187,24.930141,0],[67.053354,24.930201,0],[67.053785,24.930445,0],[67.054383,24.930725,0],[67.054553,24.930909,0],[67.054597,24.931115,0],[67.054644,24.931436,0],[67.054659,24.931832,0],[67.054682,24.932048,0],[67.054804,24.932264,0],[67.054999,24.932553,0],[67.055079,24.932779,0],[67.055059,24.933022,0],[67.055068,24.933476,0],[67.055106,24.933706,0],[67.055161,24.933874,0],[67.055274,24.934019,0],[67.055429,24.934202,0],[67.055647,24.934301,0],[67.055897,24.934404,0],[67.056112,24.934388,0],[67.056233,24.934375,0],[67.056363,24.934401,0],[67.056483,24.934455,0],[67.056618,24.934557,0],[67.056704,24.934701,0],[67.056669,24.934949,0],[67.056528,24.935249,0],[67.056341,24.93548,0],[67.056155,24.935674,0],[67.056046,24.935949,0],[67.056078,24.936193,0],[67.056151,24.936343,0],[67.0562,24.936443,0],[67.056217,24.936448,0],[67.056492,24.936528,0],[67.056915,24.936606,0],[67.056977,24.936595,0],[67.057236,24.936552,0],[67.058315,24.936251,0],[67.058684,24.936117,0],[67.05894,24.936135,0],[67.059158,24.936238,0],[67.059371,24.936413,0],[67.059634,24.93699,0],[67.059873,24.937481,0],[67.06002,24.937783,0],[67.060443,24.938496,0],[67.060578,24.938617,0],[67.060806,24.938773,0],[67.061249,24.938893,0],[67.06162,24.938989,0],[67.061984,24.939127,0],[67.062073,24.939487,0],[67.062059,24.940026,0],[67.061929,24.940631,0],[67.061825,24.940969,0],[67.061827,24.941117,0],[67.062155,24.941618,0],[67.062545,24.942144,0],[67.062731,24.942333,0],[67.063007,24.942408,0],[67.063195,24.942473,0],[67.063781,24.94248,0],[67.064316,24.942501,0],[67.064705,24.942712,0],[67.065301,24.943116,0],[67.065807,24.943629,0],[67.066101,24.943576,0],[67.066406,24.943508,0],[67.066731,24.943531,0],[67.066991,24.94364,0],[67.067164,24.943938,0],[67.067905,24.94518,0],[67.067943,24.945257,0],[67.068225,24.945825,0],[67.068554,24.94624,0],[67.068868,24.946583,0],[67.069206,24.946778,0],[67.06963,24.947094,0],[67.07006,24.947425,0],[67.070109,24.947984,0],[67.070153,24.9482,0],[67.070347,24.948489,0],[67.070672,24.948809,0],[67.070963,24.949008,0],[67.071194,24.948997,0],[67.071435,24.948962,0],[67.071709,24.949223,0]]]},"properties":{"name":"North Nazimabad Town","description":{"@type":"html","value":"<html xmlns:fo=\"http://www.w3.org/1999/XSL/Format\" xmlns:msxsl=\"urn:schemas-microsoft-com:xslt\">\n\n<head>\n\n<META http-equiv=\"Content-Type\" content=\"text/html\">\n\n<meta http-equiv=\"content-type\" content=\"text/html; charset=UTF-8\">\n\n</head>\n\n<body style=\"margin:0px 0px 0px 0px;overflow:auto;background:#FFFFFF;\">\n\n<table style=\"font-family:Arial,Verdana,Times;font-size:12px;text-align:left;width:100%;border-collapse:collapse;padding:3px 3px 3px 3px\">\n\n<tr style=\"text-align:center;font-weight:bold;background:#9CBCE2\">\n\n<td>North Nazimabad Town</td>\n\n</tr>\n\n<tr>\n\n<td>\n\n<table style=\"font-family:Arial,Verdana,Times;font-size:12px;text-align:left;width:100%;border-spacing:0px; padding:3px 3px 3px 3px\">\n\n<tr>\n\n<td>FID</td>\n\n<td>20</td>\n\n</tr>\n\n<tr bgcolor=\"#D4E4F3\">\n\n<td>name</td>\n\n<td>North Nazimabad Town</td>\n\n</tr>\n\n</table>\n\n</td>\n\n</tr>\n\n</table>\n\n</body><script type=\"text/javascript\">\n\n\t\t\t\tfunction changeImage(attElement, nameElement) {\n\n\t\t\t\tdocument.getElementById('imageAttachment').src = attElement;\n\n\t\t\t\tdocument.getElementById('imageName').innerHTML = nameElement;}\n\n\t\t\t</script></html>\n\n"},"styleUrl":"#PolyStyle00","fill-opacity":0,"fill":"#cae4fc","stroke-opacity":1,"stroke":"#000000","stroke-width":0.7,"label-opacity":0,"label-color":"#000000","label-scale":0},"id":"ID_00020"},{"type":"Feature","geometry":{"type":"Polygon","coordinates":[[[66.98875,24.995151,0],[66.987465,24.99489,0],[66.987972,24.993729,0],[66.985897,24.993178,0],[66.985138,24.992967,0],[66.985322,24.992303,0],[66.984351,24.992018,0],[66.985123,24.989496,0],[66.985124,24.989492,0],[66.983699,24.989107,0],[66.98383,24.988779,0],[66.982148,24.988291,0],[66.982767,24.986515,0],[66.981495,24.986361,0],[66.981804,24.985255,0],[66.982158,24.985267,0],[66.982439,24.985268,0],[66.982584,24.98455,0],[66.982459,24.984512,0],[66.982582,24.98345,0],[66.982613,24.983228,0],[66.982172,24.983153,0],[66.982164,24.982878,0],[66.981993,24.982721,0],[66.981888,24.982528,0],[66.98188,24.982182,0],[66.980891,24.982162,0],[66.980578,24.982122,0],[66.980118,24.981872,0],[66.980116,24.981318,0],[66.976114,24.981235,0],[66.97618,24.977819,0],[66.975142,24.977819,0],[66.975196,24.973564,0],[66.975092,24.973218,0],[66.974399,24.974226,0],[66.974257,24.97431,0],[66.973814,24.974448,0],[66.973293,24.974598,0],[66.973134,24.974696,0],[66.973042,24.974523,0],[66.972987,24.974064,0],[66.972767,24.974075,0],[66.972718,24.973843,0],[66.971658,24.968815,0],[66.971282,24.968767,0],[66.970029,24.968434,0],[66.968371,24.96791,0],[66.967414,24.967825,0],[66.967519,24.966207,0],[66.965557,24.966009,0],[66.965752,24.964679,0],[66.964967,24.96461,0],[66.96426,24.964572,0],[66.963727,24.964479,0],[66.962865,24.964338,0],[66.96221,24.964043,0],[66.962154,24.963569,0],[66.962016,24.963395,0],[66.961928,24.962992,0],[66.961774,24.962785,0],[66.961707,24.962392,0],[66.961806,24.962107,0],[66.961946,24.961889,0],[66.962149,24.961691,0],[66.962417,24.961332,0],[66.962558,24.961019,0],[66.962585,24.960637,0],[66.962573,24.96014,0],[66.962599,24.959815,0],[66.962413,24.959622,0],[66.962118,24.959073,0],[66.962028,24.958833,0],[66.96199,24.958594,0],[66.962498,24.957674,0],[66.962511,24.957576,0],[66.962557,24.957245,0],[66.962753,24.956798,0],[66.962927,24.956447,0],[66.963257,24.956137,0],[66.963639,24.955817,0],[66.963969,24.955506,0],[66.964109,24.955317,0],[66.964504,24.955494,0],[66.964857,24.955681,0],[66.964799,24.955412,0],[66.964689,24.955086,0],[66.964861,24.954783,0],[66.964928,24.954564,0],[66.964828,24.954285,0],[66.964715,24.954131,0],[66.96473,24.953873,0],[66.964828,24.953655,0],[66.96481,24.953425,0],[66.964907,24.953312,0],[66.965477,24.953683,0],[66.966374,24.952654,0],[66.968324,24.953894,0],[66.968783,24.953355,0],[66.969328,24.952713,0],[66.969737,24.952088,0],[66.96984,24.951809,0],[66.970793,24.952019,0],[66.971503,24.95222,0],[66.97194,24.952363,0],[66.972179,24.952521,0],[66.972039,24.952717,0],[66.971872,24.952911,0],[66.971723,24.95322,0],[66.971626,24.953517,0],[66.972023,24.953654,0],[66.972729,24.953783,0],[66.97329,24.953898,0],[66.973555,24.95395,0],[66.973505,24.954432,0],[66.973709,24.954444,0],[66.973893,24.954423,0],[66.974161,24.954379,0],[66.974492,24.954326,0],[66.974934,24.954203,0],[66.975328,24.954123,0],[66.975537,24.954187,0],[66.975629,24.954299,0],[66.975765,24.954367,0],[66.975958,24.954365,0],[66.976247,24.95436,0],[66.976402,24.954185,0],[66.976526,24.953924,0],[66.976556,24.953705,0],[66.97659,24.953552,0],[66.976398,24.953435,0],[66.975981,24.9533,0],[66.975705,24.953206,0],[66.975413,24.953116,0],[66.975132,24.952983,0],[66.974924,24.952865,0],[66.974732,24.952801,0],[66.974542,24.952846,0],[66.974301,24.952886,0],[66.974161,24.952769,0],[66.974066,24.95251,0],[66.973969,24.952332,0],[66.974004,24.952112,0],[66.974081,24.951908,0],[66.974108,24.95155,0],[66.974236,24.951406,0],[66.974232,24.950647,0],[66.9738,24.950182,0],[66.973744,24.950086,0],[66.974522,24.950259,0],[66.974511,24.949986,0],[66.974494,24.949695,0],[66.974461,24.949508,0],[66.97451,24.94937,0],[66.974686,24.949196,0],[66.974805,24.948987,0],[66.975066,24.948728,0],[66.975071,24.948607,0],[66.974722,24.948473,0],[66.975057,24.947503,0],[66.976057,24.946896,0],[66.975656,24.946441,0],[66.976426,24.946132,0],[66.977026,24.945987,0],[66.978574,24.945167,0],[66.979184,24.944846,0],[66.980669,24.947786,0],[66.980313,24.947925,0],[66.979903,24.94814,0],[66.979395,24.948372,0],[66.979209,24.94847,0],[66.979718,24.949799,0],[66.979725,24.949889,0],[66.97929,24.95009,0],[66.979414,24.950303,0],[66.980485,24.95001,0],[66.981871,24.949553,0],[66.983018,24.949103,0],[66.983393,24.948934,0],[66.985029,24.948199,0],[66.986506,24.947493,0],[66.986222,24.946826,0],[66.985821,24.94571,0],[66.987369,24.945221,0],[66.986777,24.943565,0],[66.98627,24.94383,0],[66.985783,24.944148,0],[66.985465,24.944364,0],[66.985249,24.944437,0],[66.985044,24.944473,0],[66.984756,24.944474,0],[66.984557,24.944462,0],[66.984421,24.944469,0],[66.984166,24.944409,0],[66.984133,24.944451,0],[66.984051,24.944446,0],[66.984068,24.944375,0],[66.984065,24.944314,0],[66.984044,24.944283,0],[66.983995,24.944221,0],[66.983982,24.944131,0],[66.984025,24.944025,0],[66.984019,24.943902,0],[66.984024,24.943517,0],[66.983745,24.943442,0],[66.983947,24.943096,0],[66.984143,24.942804,0],[66.984214,24.942614,0],[66.984209,24.942447,0],[66.984224,24.942158,0],[66.98418,24.941814,0],[66.984193,24.941642,0],[66.984125,24.941357,0],[66.985066,24.940158,0],[66.988606,24.942869,0],[66.989812,24.942014,0],[66.988703,24.9401,0],[66.987247,24.937835,0],[66.987088,24.93764,0],[66.987064,24.93741,0],[66.986934,24.937412,0],[66.986635,24.937433,0],[66.986545,24.937149,0],[66.986489,24.936976,0],[66.986452,24.936886,0],[66.986387,24.93677,0],[66.986194,24.93656,0],[66.986143,24.93653,0],[66.985957,24.936632,0],[66.985415,24.936091,0],[66.986108,24.935555,0],[66.98624,24.935654,0],[66.986388,24.935724,0],[66.986552,24.935791,0],[66.986779,24.935862,0],[66.98688,24.935903,0],[66.987123,24.93596,0],[66.987422,24.935939,0],[66.98767,24.935924,0],[66.987891,24.935848,0],[66.988033,24.935793,0],[66.988741,24.935258,0],[66.989617,24.93676,0],[66.991135,24.936179,0],[66.992559,24.935596,0],[66.993367,24.93526,0],[66.995399,24.934416,0],[66.995565,24.934325,0],[66.996691,24.93371,0],[66.998284,24.93284,0],[67.000445,24.931652,0],[67.0012,24.932767,0],[67.001891,24.933774,0],[67.0029,24.93534,0],[67.003195,24.935314,0],[67.003455,24.935455,0],[67.005938,24.937829,0],[67.007721,24.936915,0],[67.009412,24.936036,0],[67.011031,24.935132,0],[67.012114,24.934137,0],[67.012591,24.933705,0],[67.014391,24.935365,0],[67.014811,24.935996,0],[67.015532,24.937114,0],[67.016253,24.938231,0],[67.016979,24.93934,0],[67.014833,24.940472,0],[67.016798,24.941788,0],[67.016749,24.941907,0],[67.017194,24.942271,0],[67.017721,24.942694,0],[67.018,24.942951,0],[67.018043,24.94298,0],[67.018192,24.943082,0],[67.018317,24.943151,0],[67.018693,24.943237,0],[67.019,24.943327,0],[67.019246,24.943364,0],[67.019665,24.943398,0],[67.019937,24.943402,0],[67.020491,24.943457,0],[67.020917,24.94484,0],[67.020799,24.945006,0],[67.02053,24.945083,0],[67.020244,24.945299,0],[67.019921,24.945496,0],[67.019695,24.945564,0],[67.019485,24.945571,0],[67.019208,24.945553,0],[67.018967,24.945502,0],[67.018839,24.945362,0],[67.018742,24.94517,0],[67.018787,24.945032,0],[67.018825,24.944892,0],[67.018894,24.944685,0],[67.018902,24.944653,0],[67.018737,24.94464,0],[67.01853,24.944569,0],[67.018226,24.94444,0],[67.017953,24.944297,0],[67.017482,24.943993,0],[67.01717,24.943853,0],[67.01701,24.943797,0],[67.016774,24.943804,0],[67.016611,24.943892,0],[67.016476,24.94399,0],[67.016336,24.944132,0],[67.016273,24.944195,0],[67.016126,24.94453,0],[67.016391,24.944641,0],[67.016541,24.944826,0],[67.016262,24.945356,0],[67.015769,24.945199,0],[67.015172,24.944958,0],[67.013844,24.944421,0],[67.013738,24.944377,0],[67.013563,24.944547,0],[67.013815,24.944841,0],[67.014161,24.945109,0],[67.014033,24.945303,0],[67.01391,24.945426,0],[67.013745,24.945586,0],[67.013564,24.945741,0],[67.013306,24.945876,0],[67.012275,24.946426,0],[67.01115,24.94696,0],[67.009695,24.947717,0],[67.010753,24.949694,0],[67.009845,24.950074,0],[67.008598,24.950712,0],[67.007716,24.951187,0],[67.007444,24.95084,0],[67.007747,24.950636,0],[67.007619,24.950467,0],[67.007639,24.950426,0],[67.007033,24.949624,0],[67.006833,24.94926,0],[67.003965,24.950831,0],[67.002274,24.951733,0],[67.003691,24.953699,0],[67.003859,24.953967,0],[67.004481,24.954754,0],[67.004671,24.954982,0],[67.004643,24.955072,0],[67.004688,24.955206,0],[67.004728,24.955326,0],[67.004737,24.95547,0],[67.006176,24.956615,0],[67.005266,24.95751,0],[67.003797,24.95889,0],[67.002892,24.959959,0],[67.002328,24.960624,0],[67.001768,24.960296,0],[67.001183,24.960814,0],[67.000878,24.961206,0],[67.000392,24.961754,0],[67.000175,24.962243,0],[66.999989,24.962435,0],[66.999557,24.96288,0],[66.999386,24.963064,0],[66.999187,24.963371,0],[66.999052,24.963618,0],[66.998872,24.963721,0],[66.998666,24.963498,0],[66.99835,24.964249,0],[66.998296,24.964377,0],[66.998072,24.964599,0],[66.997922,24.964783,0],[66.997947,24.964883,0],[66.998008,24.964989,0],[66.997919,24.965628,0],[66.998374,24.965706,0],[66.99825,24.966196,0],[66.998076,24.966619,0],[66.998026,24.966953,0],[66.99787,24.967997,0],[66.997911,24.968413,0],[66.997918,24.968619,0],[66.997837,24.968793,0],[66.997804,24.968866,0],[66.997719,24.969101,0],[66.997584,24.969474,0],[66.997652,24.969809,0],[66.997626,24.970144,0],[66.99754,24.970276,0],[66.997692,24.970584,0],[66.997665,24.971634,0],[66.997973,24.973282,0],[66.998151,24.973554,0],[66.998342,24.973846,0],[66.998311,24.974113,0],[66.998227,24.974713,0],[66.998103,24.975601,0],[66.998084,24.976169,0],[66.998227,24.976706,0],[66.998454,24.978572,0],[66.998347,24.979326,0],[66.998545,24.980083,0],[66.99829,24.980949,0],[66.998241,24.981388,0],[66.998327,24.981867,0],[66.998454,24.982432,0],[66.998478,24.983569,0],[66.998409,24.98397,0],[66.998452,24.984505,0],[66.998911,24.985333,0],[66.998973,24.986022,0],[66.998687,24.986821,0],[66.998021,24.98829,0],[66.997756,24.989161,0],[66.997645,24.989689,0],[66.997473,24.990131,0],[66.996763,24.989785,0],[66.996151,24.989669,0],[66.995687,24.98972,0],[66.995039,24.989898,0],[66.994455,24.990055,0],[66.993847,24.990183,0],[66.993509,24.990221,0],[66.99277,24.990211,0],[66.991149,24.990268,0],[66.990881,24.993203,0],[66.989282,24.992952,0],[66.98875,24.995151,0]]]},"properties":{"name":"Orangi Town","description":{"@type":"html","value":"<html xmlns:fo=\"http://www.w3.org/1999/XSL/Format\" xmlns:msxsl=\"urn:schemas-microsoft-com:xslt\">\n\n<head>\n\n<META http-equiv=\"Content-Type\" content=\"text/html\">\n\n<meta http-equiv=\"content-type\" content=\"text/html; charset=UTF-8\">\n\n</head>\n\n<body style=\"margin:0px 0px 0px 0px;overflow:auto;background:#FFFFFF;\">\n\n<table style=\"font-family:Arial,Verdana,Times;font-size:12px;text-align:left;width:100%;border-collapse:collapse;padding:3px 3px 3px 3px\">\n\n<tr style=\"text-align:center;font-weight:bold;background:#9CBCE2\">\n\n<td>Orangi Town</td>\n\n</tr>\n\n<tr>\n\n<td>\n\n<table style=\"font-family:Arial,Verdana,Times;font-size:12px;text-align:left;width:100%;border-spacing:0px; padding:3px 3px 3px 3px\">\n\n<tr>\n\n<td>FID</td>\n\n<td>21</td>\n\n</tr>\n\n<tr bgcolor=\"#D4E4F3\">\n\n<td>name</td>\n\n<td>Orangi Town</td>\n\n</tr>\n\n</table>\n\n</td>\n\n</tr>\n\n</table>\n\n</body><script type=\"text/javascript\">\n\n\t\t\t\tfunction changeImage(attElement, nameElement) {\n\n\t\t\t\tdocument.getElementById('imageAttachment').src = attElement;\n\n\t\t\t\tdocument.getElementById('imageName').innerHTML = nameElement;}\n\n\t\t\t</script></html>\n\n"},"styleUrl":"#PolyStyle00","fill-opacity":0,"fill":"#cae4fc","stroke-opacity":1,"stroke":"#000000","stroke-width":0.7,"label-opacity":0,"label-color":"#000000","label-scale":0},"id":"ID_00021"},{"type":"Feature","geometry":{"type":"Polygon","coordinates":[[[67.022293,24.870616,0],[67.022094,24.871272,0],[67.022054,24.871816,0],[67.022333,24.872661,0],[67.022702,24.873182,0],[67.022668,24.873344,0],[67.022443,24.873649,0],[67.020902,24.875737,0],[67.022266,24.877886,0],[67.022516,24.878281,0],[67.02314,24.879197,0],[67.02356,24.879795,0],[67.021628,24.883884,0],[67.019562,24.882448,0],[67.019332,24.882264,0],[67.016639,24.880114,0],[67.01604,24.879635,0],[67.01443,24.879127,0],[67.012285,24.878939,0],[67.012587,24.878017,0],[67.012951,24.876894,0],[67.013241,24.876435,0],[67.011068,24.874471,0],[67.010858,24.874201,0],[67.009901,24.873457,0],[67.009421,24.872997,0],[67.008365,24.871918,0],[67.008309,24.871831,0],[67.008954,24.871405,0],[67.009283,24.87118,0],[67.009412,24.870971,0],[67.010606,24.869291,0],[67.011912,24.870131,0],[67.01203,24.869994,0],[67.011047,24.868261,0],[67.010652,24.867725,0],[67.010338,24.867382,0],[67.00985,24.867132,0],[67.008165,24.866416,0],[67.005577,24.865119,0],[67.005172,24.864866,0],[67.004562,24.86438,0],[67.00386,24.863778,0],[67.001897,24.862108,0],[67.003105,24.861847,0],[67.002113,24.859121,0],[67.000321,24.861753,0],[66.999625,24.860798,0],[66.999824,24.860122,0],[67.000316,24.859498,0],[67.000226,24.859239,0],[66.999521,24.856162,0],[66.999142,24.855632,0],[66.998751,24.855225,0],[66.99657,24.854107,0],[66.99646,24.854055,0],[66.994627,24.853183,0],[66.992941,24.851851,0],[66.992635,24.851216,0],[66.991716,24.849818,0],[66.991541,24.849266,0],[66.993613,24.847407,0],[66.993514,24.847071,0],[66.992147,24.845787,0],[66.993628,24.844876,0],[66.9945,24.845209,0],[66.995479,24.845389,0],[66.996055,24.845361,0],[66.998603,24.844822,0],[67.0022,24.844154,0],[67.005128,24.843536,0],[67.00665,24.843317,0],[67.008016,24.843001,0],[67.009734,24.842809,0],[67.010282,24.842936,0],[67.012977,24.842984,0],[67.014417,24.842955,0],[67.015466,24.842873,0],[67.016655,24.843009,0],[67.017032,24.843121,0],[67.018519,24.843487,0],[67.019663,24.843944,0],[67.02178,24.844999,0],[67.022122,24.845724,0],[67.022047,24.845819,0],[67.02121,24.8464,0],[67.019764,24.847482,0],[67.018864,24.84811,0],[67.018953,24.848417,0],[67.018785,24.848763,0],[67.018666,24.849029,0],[67.01868,24.84944,0],[67.019109,24.849451,0],[67.019635,24.849338,0],[67.019858,24.850096,0],[67.020392,24.849792,0],[67.020462,24.849829,0],[67.028058,24.853855,0],[67.022053,24.853216,0],[67.021541,24.85401,0],[67.024233,24.855268,0],[67.026379,24.855994,0],[67.026971,24.856308,0],[67.027712,24.857139,0],[67.028594,24.854332,0],[67.028411,24.853976,0],[67.028762,24.853618,0],[67.029093,24.853909,0],[67.029852,24.854215,0],[67.030256,24.854478,0],[67.029549,24.85616,0],[67.030613,24.856442,0],[67.032459,24.856915,0],[67.033012,24.856999,0],[67.033322,24.85729,0],[67.033175,24.859275,0],[67.033054,24.860315,0],[67.032862,24.86123,0],[67.032558,24.861923,0],[67.03133,24.861391,0],[67.03078,24.862387,0],[67.029832,24.864065,0],[67.026638,24.862122,0],[67.024869,24.865357,0],[67.023248,24.868218,0],[67.023166,24.868363,0],[67.022624,24.86955,0],[67.022293,24.870616,0]]]},"properties":{"name":"Saddar Town","description":{"@type":"html","value":"<html xmlns:fo=\"http://www.w3.org/1999/XSL/Format\" xmlns:msxsl=\"urn:schemas-microsoft-com:xslt\">\n\n<head>\n\n<META http-equiv=\"Content-Type\" content=\"text/html\">\n\n<meta http-equiv=\"content-type\" content=\"text/html; charset=UTF-8\">\n\n</head>\n\n<body style=\"margin:0px 0px 0px 0px;overflow:auto;background:#FFFFFF;\">\n\n<table style=\"font-family:Arial,Verdana,Times;font-size:12px;text-align:left;width:100%;border-collapse:collapse;padding:3px 3px 3px 3px\">\n\n<tr style=\"text-align:center;font-weight:bold;background:#9CBCE2\">\n\n<td>Saddar Town</td>\n\n</tr>\n\n<tr>\n\n<td>\n\n<table style=\"font-family:Arial,Verdana,Times;font-size:12px;text-align:left;width:100%;border-spacing:0px; padding:3px 3px 3px 3px\">\n\n<tr>\n\n<td>FID</td>\n\n<td>22</td>\n\n</tr>\n\n<tr bgcolor=\"#D4E4F3\">\n\n<td>name</td>\n\n<td>Saddar Town</td>\n\n</tr>\n\n</table>\n\n</td>\n\n</tr>\n\n</table>\n\n</body><script type=\"text/javascript\">\n\n\t\t\t\tfunction changeImage(attElement, nameElement) {\n\n\t\t\t\tdocument.getElementById('imageAttachment').src = attElement;\n\n\t\t\t\tdocument.getElementById('imageName').innerHTML = nameElement;}\n\n\t\t\t</script></html>\n\n"},"styleUrl":"#PolyStyle00","fill-opacity":0,"fill":"#cae4fc","stroke-opacity":1,"stroke":"#000000","stroke-width":0.7,"label-opacity":0,"label-color":"#000000","label-scale":0},"id":"ID_00022"},{"type":"Feature","geometry":{"type":"GeometryCollection","geometries":[{"type":"Polygon","coordinates":[[[67.140261,24.905934,0],[67.140612,24.906075,0],[67.141,24.906415,0],[67.141097,24.906887,0],[67.141173,24.907551,0],[67.141236,24.907701,0],[67.141489,24.90783,0],[67.141893,24.908008,0],[67.142311,24.908043,0],[67.142538,24.908231,0],[67.142827,24.908462,0],[67.142968,24.908655,0],[67.143026,24.909145,0],[67.143126,24.909516,0],[67.143399,24.911359,0],[67.143322,24.912123,0],[67.143151,24.913119,0],[67.143121,24.913291,0],[67.143037,24.913672,0],[67.142743,24.914193,0],[67.143091,24.915043,0],[67.142664,24.915224,0],[67.142693,24.915368,0],[67.142241,24.915537,0],[67.141498,24.913368,0],[67.139719,24.908315,0],[67.138933,24.906285,0],[67.138934,24.905167,0],[67.140261,24.905934,0]]]},{"type":"Polygon","coordinates":[[[67.15888,24.957061,0],[67.153864,24.961002,0],[67.15534,24.96254,0],[67.153355,24.964235,0],[67.155066,24.96612,0],[67.155417,24.966506,0],[67.155966,24.966952,0],[67.156501,24.967599,0],[67.152797,24.970889,0],[67.155966,24.974331,0],[67.159774,24.978177,0],[67.162418,24.981016,0],[67.160868,24.982191,0],[67.157909,24.984651,0],[67.156551,24.985568,0],[67.157881,24.992958,0],[67.153905,24.993539,0],[67.144701,24.994857,0],[67.144465,24.99491,0],[67.144228,24.994956,0],[67.143989,24.994995,0],[67.143748,24.995027,0],[67.143507,24.995052,0],[67.143265,24.99507,0],[67.143022,24.995081,0],[67.142779,24.995085,0],[67.142537,24.995083,0],[67.142294,24.995073,0],[67.142092,24.995059,0],[67.142052,24.995056,0],[67.14181,24.995033,0],[67.14157,24.995002,0],[67.14133,24.994965,0],[67.141092,24.99492,0],[67.140856,24.994869,0],[67.140621,24.994811,0],[67.140389,24.994747,0],[67.140159,24.994676,0],[67.139932,24.994598,0],[67.139707,24.994513,0],[67.139486,24.994423,0],[67.139267,24.994326,0],[67.139052,24.994222,0],[67.138841,24.994113,0],[67.138634,24.993998,0],[67.138431,24.993876,0],[67.138232,24.993749,0],[67.138037,24.993617,0],[67.137848,24.993478,0],[67.137663,24.993335,0],[67.137483,24.993186,0],[67.137309,24.993032,0],[67.137139,24.992873,0],[67.136976,24.992709,0],[67.136818,24.992541,0],[67.136666,24.992368,0],[67.136168,24.991848,0],[67.130556,24.985985,0],[67.123146,24.978344,0],[67.121416,24.976542,0],[67.114808,24.969659,0],[67.107977,24.962616,0],[67.101373,24.957201,0],[67.100219,24.956277,0],[67.089385,24.947607,0],[67.086987,24.94577,0],[67.088303,24.943745,0],[67.089306,24.941235,0],[67.090207,24.93846,0],[67.090751,24.938576,0],[67.091189,24.938696,0],[67.091584,24.938949,0],[67.091968,24.939193,0],[67.092206,24.939378,0],[67.092359,24.939638,0],[67.092575,24.939898,0],[67.092823,24.940112,0],[67.092844,24.94015,0],[67.093029,24.940334,0],[67.093047,24.940583,0],[67.093193,24.940613,0],[67.093474,24.940693,0],[67.093671,24.940887,0],[67.093824,24.941128,0],[67.094249,24.941449,0],[67.094582,24.941587,0],[67.095482,24.941636,0],[67.096257,24.941723,0],[67.097487,24.942121,0],[67.096911,24.942801,0],[67.106018,24.950255,0],[67.10968,24.946537,0],[67.112455,24.94877,0],[67.117734,24.953079,0],[67.1185,24.953681,0],[67.120335,24.955574,0],[67.121534,24.956807,0],[67.12633,24.952639,0],[67.125703,24.951935,0],[67.126122,24.951253,0],[67.126293,24.951326,0],[67.127341,24.949386,0],[67.128752,24.946771,0],[67.132004,24.940635,0],[67.132488,24.939824,0],[67.133324,24.934709,0],[67.128732,24.933735,0],[67.12294,24.932181,0],[67.12054,24.93153,0],[67.112914,24.92828,0],[67.11228,24.928017,0],[67.109998,24.927073,0],[67.109971,24.927058,0],[67.10727,24.925605,0],[67.105923,24.924632,0],[67.103802,24.922886,0],[67.103443,24.922618,0],[67.096944,24.917777,0],[67.099854,24.91555,0],[67.100512,24.915045,0],[67.108723,24.908746,0],[67.109032,24.908853,0],[67.110393,24.910943,0],[67.11143,24.912313,0],[67.111605,24.912554,0],[67.112257,24.91305,0],[67.112744,24.913419,0],[67.112355,24.914016,0],[67.114986,24.915153,0],[67.118544,24.915742,0],[67.119043,24.914968,0],[67.120442,24.915989,0],[67.121475,24.916776,0],[67.122546,24.915642,0],[67.123733,24.916646,0],[67.124467,24.91586,0],[67.125213,24.916436,0],[67.125698,24.915567,0],[67.126271,24.915059,0],[67.126964,24.91448,0],[67.127328,24.914807,0],[67.127128,24.915048,0],[67.127663,24.915506,0],[67.127822,24.915379,0],[67.131092,24.918444,0],[67.131669,24.917865,0],[67.134158,24.920246,0],[67.136686,24.918343,0],[67.137944,24.917269,0],[67.142485,24.916251,0],[67.142774,24.916921,0],[67.143172,24.918137,0],[67.14337,24.918526,0],[67.143444,24.918642,0],[67.143555,24.918815,0],[67.144465,24.919944,0],[67.145381,24.921246,0],[67.146203,24.92198,0],[67.146933,24.922555,0],[67.147392,24.922854,0],[67.147991,24.923242,0],[67.148766,24.923961,0],[67.150252,24.926014,0],[67.152878,24.929616,0],[67.152953,24.929711,0],[67.154775,24.932061,0],[67.156678,24.93465,0],[67.158418,24.937072,0],[67.15769,24.9374,0],[67.157212,24.937337,0],[67.157023,24.937879,0],[67.156928,24.938168,0],[67.156924,24.938179,0],[67.157044,24.938596,0],[67.157024,24.938847,0],[67.1569,24.939289,0],[67.157046,24.9394,0],[67.159057,24.940249,0],[67.158704,24.942622,0],[67.158066,24.942557,0],[67.157881,24.943833,0],[67.15801,24.943856,0],[67.15782,24.94512,0],[67.158316,24.945188,0],[67.158078,24.946372,0],[67.156934,24.945436,0],[67.156778,24.945372,0],[67.15657,24.945443,0],[67.156221,24.945642,0],[67.156155,24.94603,0],[67.156159,24.946109,0],[67.156175,24.946281,0],[67.156149,24.946649,0],[67.156352,24.947034,0],[67.156954,24.948145,0],[67.155633,24.949186,0],[67.158038,24.951662,0],[67.161205,24.955055,0],[67.15888,24.957061,0]]]}]},"properties":{"name":"Safoora Town","description":{"@type":"html","value":"<html xmlns:fo=\"http://www.w3.org/1999/XSL/Format\" xmlns:msxsl=\"urn:schemas-microsoft-com:xslt\">\n\n<head>\n\n<META http-equiv=\"Content-Type\" content=\"text/html\">\n\n<meta http-equiv=\"content-type\" content=\"text/html; charset=UTF-8\">\n\n</head>\n\n<body style=\"margin:0px 0px 0px 0px;overflow:auto;background:#FFFFFF;\">\n\n<table style=\"font-family:Arial,Verdana,Times;font-size:12px;text-align:left;width:100%;border-collapse:collapse;padding:3px 3px 3px 3px\">\n\n<tr style=\"text-align:center;font-weight:bold;background:#9CBCE2\">\n\n<td>Safoora Town</td>\n\n</tr>\n\n<tr>\n\n<td>\n\n<table style=\"font-family:Arial,Verdana,Times;font-size:12px;text-align:left;width:100%;border-spacing:0px; padding:3px 3px 3px 3px\">\n\n<tr>\n\n<td>FID</td>\n\n<td>23</td>\n\n</tr>\n\n<tr bgcolor=\"#D4E4F3\">\n\n<td>name</td>\n\n<td>Safoora Town</td>\n\n</tr>\n\n</table>\n\n</td>\n\n</tr>\n\n</table>\n\n</body><script type=\"text/javascript\">\n\n\t\t\t\tfunction changeImage(attElement, nameElement) {\n\n\t\t\t\tdocument.getElementById('imageAttachment').src = attElement;\n\n\t\t\t\tdocument.getElementById('imageName').innerHTML = nameElement;}\n\n\t\t\t</script></html>\n\n"},"styleUrl":"#PolyStyle00","fill-opacity":0,"fill":"#cae4fc","stroke-opacity":1,"stroke":"#000000","stroke-width":0.7,"label-opacity":0,"label-color":"#000000","label-scale":0},"id":"ID_00023"},{"type":"Feature","geometry":{"type":"Polygon","coordinates":[[[67.165736,24.885089,0],[67.160289,24.885271,0],[67.157311,24.885397,0],[67.154839,24.885502,0],[67.148589,24.885795,0],[67.139903,24.886105,0],[67.139883,24.88657,0],[67.135599,24.886744,0],[67.133777,24.886912,0],[67.130534,24.886679,0],[67.130554,24.886058,0],[67.127531,24.88582,0],[67.126809,24.885715,0],[67.126802,24.885543,0],[67.124907,24.885424,0],[67.124459,24.885332,0],[67.124674,24.884976,0],[67.124901,24.884675,0],[67.124994,24.884168,0],[67.12316,24.884205,0],[67.123609,24.883548,0],[67.124409,24.883444,0],[67.124601,24.883333,0],[67.125023,24.883094,0],[67.125644,24.883179,0],[67.126637,24.883287,0],[67.128164,24.880945,0],[67.12889,24.880027,0],[67.129215,24.880012,0],[67.130128,24.880069,0],[67.130979,24.879915,0],[67.131169,24.878226,0],[67.131522,24.878288,0],[67.132187,24.878432,0],[67.132672,24.878582,0],[67.132647,24.87871,0],[67.133148,24.878795,0],[67.133311,24.878919,0],[67.133521,24.879037,0],[67.133756,24.879083,0],[67.134377,24.879054,0],[67.134616,24.878885,0],[67.134861,24.878774,0],[67.135772,24.878771,0],[67.135627,24.876426,0],[67.13049,24.875358,0],[67.130463,24.875594,0],[67.12777,24.874937,0],[67.126449,24.874527,0],[67.12605,24.874378,0],[67.125053,24.873835,0],[67.125071,24.873728,0],[67.124839,24.873453,0],[67.12493,24.872616,0],[67.125847,24.872756,0],[67.125755,24.871064,0],[67.125827,24.870972,0],[67.125976,24.870952,0],[67.126118,24.870409,0],[67.125575,24.867897,0],[67.11717,24.862751,0],[67.115519,24.862874,0],[67.113161,24.862963,0],[67.110779,24.862933,0],[67.109944,24.862779,0],[67.109198,24.861886,0],[67.107905,24.860843,0],[67.106877,24.859564,0],[67.106136,24.85836,0],[67.105112,24.856589,0],[67.104759,24.855978,0],[67.103945,24.854391,0],[67.102023,24.853387,0],[67.101863,24.853338,0],[67.100408,24.852889,0],[67.0974,24.852659,0],[67.093481,24.851818,0],[67.095262,24.850073,0],[67.095582,24.849671,0],[67.095951,24.848649,0],[67.096531,24.846721,0],[67.095634,24.845456,0],[67.094147,24.84257,0],[67.092355,24.839024,0],[67.091978,24.838016,0],[67.091937,24.837299,0],[67.091907,24.836713,0],[67.092694,24.833128,0],[67.102024,24.834979,0],[67.109226,24.836456,0],[67.111874,24.836997,0],[67.120812,24.838823,0],[67.121762,24.834846,0],[67.134526,24.837472,0],[67.142967,24.839208,0],[67.152687,24.841106,0],[67.154637,24.841492,0],[67.159473,24.842451,0],[67.160955,24.842766,0],[67.160156,24.846303,0],[67.159128,24.850303,0],[67.158168,24.854149,0],[67.157343,24.857512,0],[67.156643,24.860585,0],[67.155894,24.863878,0],[67.155641,24.865051,0],[67.155432,24.865449,0],[67.155085,24.86588,0],[67.154787,24.866157,0],[67.154483,24.866357,0],[67.154219,24.866461,0],[67.154595,24.867661,0],[67.154988,24.868917,0],[67.155993,24.868667,0],[67.156841,24.868431,0],[67.156955,24.868399,0],[67.157916,24.868268,0],[67.158909,24.868051,0],[67.159531,24.867922,0],[67.160543,24.868021,0],[67.161144,24.868301,0],[67.162421,24.869054,0],[67.162988,24.869434,0],[67.163816,24.869745,0],[67.164149,24.870035,0],[67.163965,24.87075,0],[67.164326,24.870996,0],[67.164587,24.871173,0],[67.164484,24.871817,0],[67.165091,24.873229,0],[67.165327,24.873232,0],[67.165631,24.873895,0],[67.165347,24.873992,0],[67.165637,24.874554,0],[67.165825,24.874571,0],[67.166022,24.87506,0],[67.164712,24.875474,0],[67.164994,24.876624,0],[67.163157,24.877619,0],[67.162582,24.880364,0],[67.164988,24.881254,0],[67.166448,24.881358,0],[67.166239,24.880624,0],[67.167186,24.880292,0],[67.16731,24.880437,0],[67.168967,24.879941,0],[67.169133,24.879341,0],[67.168584,24.879306,0],[67.167903,24.878581,0],[67.168069,24.87692,0],[67.168742,24.877072,0],[67.168825,24.876772,0],[67.169216,24.876906,0],[67.171676,24.879487,0],[67.170291,24.880731,0],[67.16952,24.883989,0],[67.169373,24.885321,0],[67.168097,24.885544,0],[67.167953,24.884954,0],[67.165736,24.885089,0]]]},"properties":{"name":"Shah Faisal Town","description":{"@type":"html","value":"<html xmlns:fo=\"http://www.w3.org/1999/XSL/Format\" xmlns:msxsl=\"urn:schemas-microsoft-com:xslt\">\n\n<head>\n\n<META http-equiv=\"Content-Type\" content=\"text/html\">\n\n<meta http-equiv=\"content-type\" content=\"text/html; charset=UTF-8\">\n\n</head>\n\n<body style=\"margin:0px 0px 0px 0px;overflow:auto;background:#FFFFFF;\">\n\n<table style=\"font-family:Arial,Verdana,Times;font-size:12px;text-align:left;width:100%;border-collapse:collapse;padding:3px 3px 3px 3px\">\n\n<tr style=\"text-align:center;font-weight:bold;background:#9CBCE2\">\n\n<td>Shah Faisal Town</td>\n\n</tr>\n\n<tr>\n\n<td>\n\n<table style=\"font-family:Arial,Verdana,Times;font-size:12px;text-align:left;width:100%;border-spacing:0px; padding:3px 3px 3px 3px\">\n\n<tr>\n\n<td>FID</td>\n\n<td>24</td>\n\n</tr>\n\n<tr bgcolor=\"#D4E4F3\">\n\n<td>name</td>\n\n<td>Shah Faisal Town</td>\n\n</tr>\n\n</table>\n\n</td>\n\n</tr>\n\n</table>\n\n</body><script type=\"text/javascript\">\n\n\t\t\t\tfunction changeImage(attElement, nameElement) {\n\n\t\t\t\tdocument.getElementById('imageAttachment').src = attElement;\n\n\t\t\t\tdocument.getElementById('imageName').innerHTML = nameElement;}\n\n\t\t\t</script></html>\n\n"},"styleUrl":"#PolyStyle00","fill-opacity":0,"fill":"#cae4fc","stroke-opacity":1,"stroke":"#000000","stroke-width":0.7,"label-opacity":0,"label-color":"#000000","label-scale":0},"id":"ID_00024"},{"type":"Feature","geometry":{"type":"Polygon","coordinates":[[[67.17279,25.020723,0],[67.171628,25.017305,0],[67.169256,25.020351,0],[67.166163,25.017055,0],[67.165555,25.016718,0],[67.162054,25.014123,0],[67.160799,25.019224,0],[67.160158,25.018916,0],[67.159257,25.018188,0],[67.158135,25.017515,0],[67.157427,25.017492,0],[67.156578,25.017467,0],[67.155403,25.017172,0],[67.154157,25.016311,0],[67.152382,25.015156,0],[67.151265,25.014786,0],[67.14698,25.013142,0],[67.142857,25.011199,0],[67.141693,25.010624,0],[67.13776,25.008684,0],[67.137472,25.009024,0],[67.1367,25.009602,0],[67.136582,25.009622,0],[67.133516,25.012113,0],[67.13296,25.011504,0],[67.131103,25.009459,0],[67.130997,25.009354,0],[67.129368,25.007737,0],[67.124059,25.011792,0],[67.115574,25.011241,0],[67.113826,25.009327,0],[67.107682,25.008976,0],[67.10171,25.008685,0],[67.092642,25.008225,0],[67.091384,25.007902,0],[67.091537,25.007241,0],[67.091647,25.006246,0],[67.091782,25.005632,0],[67.091826,25.00483,0],[67.091487,25.003851,0],[67.091309,25.003146,0],[67.091193,25.002536,0],[67.091229,25.001712,0],[67.091292,25.000724,0],[67.091443,24.999594,0],[67.091865,24.998209,0],[67.092245,24.997547,0],[67.092731,24.996092,0],[67.093123,24.995208,0],[67.093192,24.994815,0],[67.093228,24.994464,0],[67.093258,24.994017,0],[67.09329,24.993548,0],[67.093224,24.992687,0],[67.092804,24.991915,0],[67.092073,24.991397,0],[67.09138,24.990951,0],[67.091128,24.990453,0],[67.090917,24.989877,0],[67.09079,24.988894,0],[67.090719,24.986879,0],[67.090785,24.985182,0],[67.090793,24.984637,0],[67.090912,24.984066,0],[67.091616,24.983315,0],[67.092795,24.98227,0],[67.092525,24.980919,0],[67.092201,24.980521,0],[67.091742,24.980228,0],[67.09136,24.979987,0],[67.091076,24.979568,0],[67.090902,24.979128,0],[67.090913,24.977882,0],[67.090889,24.977408,0],[67.090867,24.976828,0],[67.090423,24.975518,0],[67.09022,24.974913,0],[67.090268,24.974288,0],[67.09027,24.974262,0],[67.090443,24.973211,0],[67.09146,24.971016,0],[67.091591,24.970667,0],[67.091519,24.9702,0],[67.091487,24.96967,0],[67.091482,24.969591,0],[67.09134,24.969109,0],[67.091104,24.968583,0],[67.090961,24.968194,0],[67.090865,24.967806,0],[67.09057,24.966842,0],[67.090445,24.965918,0],[67.090434,24.965535,0],[67.090163,24.964777,0],[67.089464,24.963898,0],[67.088947,24.963385,0],[67.088495,24.962816,0],[67.087816,24.961976,0],[67.086762,24.961007,0],[67.08575,24.960019,0],[67.085382,24.959413,0],[67.085245,24.958819,0],[67.08519,24.958321,0],[67.085348,24.955524,0],[67.085629,24.954295,0],[67.085633,24.953387,0],[67.085598,24.952957,0],[67.085403,24.952696,0],[67.0848,24.951666,0],[67.084429,24.950563,0],[67.084236,24.949547,0],[67.084278,24.948812,0],[67.085008,24.947742,0],[67.08614,24.946371,0],[67.086987,24.94577,0],[67.089385,24.947607,0],[67.100219,24.956277,0],[67.101373,24.957201,0],[67.107977,24.962616,0],[67.114808,24.969659,0],[67.121416,24.976542,0],[67.123146,24.978344,0],[67.130556,24.985985,0],[67.136168,24.991848,0],[67.136666,24.992368,0],[67.136818,24.992541,0],[67.136976,24.992709,0],[67.137139,24.992873,0],[67.137309,24.993032,0],[67.137483,24.993186,0],[67.137663,24.993335,0],[67.137848,24.993478,0],[67.138037,24.993617,0],[67.138232,24.993749,0],[67.138431,24.993876,0],[67.138634,24.993998,0],[67.138841,24.994113,0],[67.139052,24.994222,0],[67.139267,24.994326,0],[67.139486,24.994423,0],[67.139707,24.994513,0],[67.139932,24.994598,0],[67.140159,24.994676,0],[67.140389,24.994747,0],[67.140621,24.994811,0],[67.140856,24.994869,0],[67.141092,24.99492,0],[67.14133,24.994965,0],[67.14157,24.995002,0],[67.14181,24.995033,0],[67.142052,24.995056,0],[67.142092,24.995059,0],[67.142294,24.995073,0],[67.142537,24.995083,0],[67.142779,24.995085,0],[67.143022,24.995081,0],[67.143265,24.99507,0],[67.143507,24.995052,0],[67.143748,24.995027,0],[67.143989,24.994995,0],[67.144228,24.994956,0],[67.144465,24.99491,0],[67.144701,24.994857,0],[67.153905,24.993539,0],[67.157881,24.992958,0],[67.160357,24.992596,0],[67.165,24.991918,0],[67.170221,24.991158,0],[67.177391,24.990123,0],[67.183209,24.989251,0],[67.193204,24.98776,0],[67.195858,24.993561,0],[67.196102,24.993887,0],[67.196509,24.99474,0],[67.19699,24.995916,0],[67.197774,24.998768,0],[67.199515,25.001596,0],[67.20372,25.005245,0],[67.19845,25.004913,0],[67.197971,25.005316,0],[67.195066,25.007768,0],[67.195079,25.009112,0],[67.182767,25.008574,0],[67.18252,25.009765,0],[67.18214,25.011044,0],[67.181238,25.012257,0],[67.180209,25.01317,0],[67.17279,25.020723,0]]]},"properties":{"name":"Sohrab Goth Town","description":{"@type":"html","value":"<html xmlns:fo=\"http://www.w3.org/1999/XSL/Format\" xmlns:msxsl=\"urn:schemas-microsoft-com:xslt\">\n\n<head>\n\n<META http-equiv=\"Content-Type\" content=\"text/html\">\n\n<meta http-equiv=\"content-type\" content=\"text/html; charset=UTF-8\">\n\n</head>\n\n<body style=\"margin:0px 0px 0px 0px;overflow:auto;background:#FFFFFF;\">\n\n<table style=\"font-family:Arial,Verdana,Times;font-size:12px;text-align:left;width:100%;border-collapse:collapse;padding:3px 3px 3px 3px\">\n\n<tr style=\"text-align:center;font-weight:bold;background:#9CBCE2\">\n\n<td>Sohrab Goth Town</td>\n\n</tr>\n\n<tr>\n\n<td>\n\n<table style=\"font-family:Arial,Verdana,Times;font-size:12px;text-align:left;width:100%;border-spacing:0px; padding:3px 3px 3px 3px\">\n\n<tr>\n\n<td>FID</td>\n\n<td>25</td>\n\n</tr>\n\n<tr bgcolor=\"#D4E4F3\">\n\n<td>name</td>\n\n<td>Sohrab Goth Town</td>\n\n</tr>\n\n</table>\n\n</td>\n\n</tr>\n\n</table>\n\n</body><script type=\"text/javascript\">\n\n\t\t\t\tfunction changeImage(attElement, nameElement) {\n\n\t\t\t\tdocument.getElementById('imageAttachment').src = attElement;\n\n\t\t\t\tdocument.getElementById('imageName').innerHTML = nameElement;}\n\n\t\t\t</script></html>\n\n"},"styleUrl":"#PolyStyle00","fill-opacity":0,"fill":"#cae4fc","stroke-opacity":1,"stroke":"#000000","stroke-width":0.7,"label-opacity":0,"label-color":"#000000","label-scale":0},"id":"ID_00025"}]}